"Name","VisualLevel","TID","InfoTID","Speed","Hitpoints","UpgradeTimeH","UpgradeResource","UpgradeCost","RequiredTownHallLevel","RequiredHeroTavernLevel","AttackRange","AltAttackRange","AttackSpeed","CoolDownOverride","DPS","PreferedTargetDamageMod","DamageRadius","IconSWF","IconExportName","BigPicture","BigPictureSWF","SquarePicture","SquarePictureSWF","ArmyTrainingPicture","ArmyTrainingPictureSWF","Projectile","PreferedTargetBuilding","DeployEffect","AttackEffect","AttackEffectAlt","HitEffect","IsFlying","AirTargets","GroundTargets","IsJumper","AttackCount","DieEffect","Animation","AbilityAttackCount","MaxSearchRadiusForDefender","HousingSpace","HealerWeight","RegenerationTimeMinutes","TrainingTime","TrainingResource","TrainingCost","CelebrateEffect","SleepOffsetX","SleepOffsetY","PatrolRadius","AbilitySummonTroop","AbilityDescTID","AbilityIcon","AbilityBigPictureExportName","StrengthWeight","StrengthWeight2","AlertRadius","Scale","AuraSpell","AuraSpellLevel","AuraTID","AuraDescTID","AuraBigPictureExportName","RetributionSpell","RetributionSpellLevel","RetributionSpellTriggerHealth","HasAltMode","AltModeFlying","AltModeAnimation","PreferedTargetBuildingClass","NoAttackOverWalls","TargetGroups","FightWithGroups","TargetGroupsRadius","TargetGroupsRange","TargetGroupsMinWeight","SmoothJump","WakeUpSpeed","WakeUpSpace","FriendlyGroupWeight","EnemyGroupWeight","AttackEffectShared","TargetedEffectOffset","TriggersTraps","VillageType","NoDefence","PreAttackEffect","DefaultSkin","NewTargetAttackDelay","Gender","SpecialAbilities","SpecialAbilitiesLevel","AvoidNoiseInAttackPositionSelection","AbilityExtraPowerMaxLevel","PreviewScenario","AltPreviewScenario","ItemSlotCount","DefaultItems","MigrationGearLevel","HeroFlagSWF","HeroFlagExportName","HeroFlagBaseExportName","HeroBannerPrefix","LevelGrantedByTavernLevel","ControlledMoveEffect","ForceRetaliation"
"String","int","String","String","int","int","int","String","int","int","int","int","int","int","int","int","int","int","String","String","String","String","String","String","String","String","String","String","String","String","String","String","boolean","boolean","boolean","boolean","int","String","String","int","int","int","int","int","int","String","int","String","int","int","int","String","String","String","String","int","int","int","int","String","int","String","String","String","String","int","int","boolean","boolean","String","String","boolean","boolean","boolean","int","int","int","boolean","int","int","int","int","String","int","boolean","int","boolean","String","String","int","String","String","String","boolean","int","String","String","int","String","int","String","String","String","String","int","String","boolean"
"Barbarian King",1,"TID_BARBARIAN_KING","TID_HERO_INSTRUCTIONS_BARBARIAN",200,1445,2,"DarkElixir",5000,7,1,100,,1200,,102,1,,"sc/ui.sc","icon_hero_barbarianKing","unit_barbarianKing_big","sc/info_barbarian.sc","icon_hero_barbarianKing_profile","sc/ui.sc","hero_art_bk","sc/ui.sc",,,"Hero Deploy",,,"Barbarian King Hit","FALSE","FALSE","TRUE","FALSE",,,,,1000,25,21,10,,"Elixir",,"Barbarian King Scream",,,300,"Barbarian","TID_HERO_ABILITY_BARBARIAN_DESC","icon_hero_barbarianKing_ability1","unit_barbarianKing_ability_big",1564,782,1200,,,,,,,,,,,,,,,,,,,,,,,2100,2500,,-50,"TRUE",,,,"BarbarianKingDefault",,"M","BarbarianKingAbilityHeal","1","TRUE",,"HeroKing",,2,"Barbarian Crown; Iron Fist;",1,"sc/buildings.sc","BK_rally_point","BK_rally_point_base","bk",,"ForceMoveBK","TRUE"
,2,,,,1481,4,,5500,7,1,,,,,104,,,,,,,,,,,,,,,,,,,,,,,,,,,,10,,,,,,,,,,,,1601,800,,,,,,,,,,,,,,,,,,,,,,,,,,,,,,,,,,,,"1",,,,,,,1,,,,,,,
,3,,,,1518,8,,6000,7,1,,,,,105,,,,,,,,,,,,,,,,,,,,,,,,,,,,10,,,,,,,,,,,,1634,817,,,,,,,,,,,,,,,,,,,,,,,,,,,,,,,,,,,,"1",,,,,,,1,,,,,,,
,4,,,,1556,10,,6500,7,1,,,,,108,,,,,,,,,,,,,,,,,,,,,,,,,,,,10,,,,,,,,,,,,1677,838,,,,,,,,,,,,,,,,,,,,,,,,,,,,,,,,,,,,"1",,,,,,,1,,,,,,,
,5,,,,1595,12,,7000,7,1,,,,,110,,,,,,,,,,,,,,,,,,,,,,,,,,,,12,,,,,,,,,,,,1802,944,,,,,,,,,,,,,,,,,,,,,,,,,,,,,,,,,,,,"2",,,,,,,1,,,,,,,
,6,,,,1635,14,,7500,7,1,,,,,112,,,,,,,,,,,,,,,,,,,,,,,,,,,,12,,,,,,,,,,,,1844,966,,,,,,,,,,,,,,,,,,,,,,,,,,,,,,,,,,,,"2",,,,,,,1,,,,,,,
,7,,,,1675,16,,8000,7,1,,,,,115,,,,,,,,,,,,,,,,,,,,,,,,,,,,12,,,,,,,,,,,,1890,990,,,,,,,,,,,,,,,,,,,,,,,,,,,,,,,,,,,,"2",,,,,,,1,,,,,,,
,8,,,,1717,18,,8500,7,1,,,,,116,,,,,,,,,,,,,,,,,,,,,,,,,,,,12,,,,,,,,,,,,1929,1011,,,,,,,,,,,,,,,,,,,,,,,,,,,,,,,,,,,,"2",,,,,,,1,,,,,,,
,9,,,,1760,20,,10000,7,1,,,,,119,,,,,,,,,,,,,,,,,,,,,,,,,,,,12,,,,,,,,,,,,1978,1036,,,,,,,,,,,,,,,,,,,,,,,,,,,,,,,,,,,,"2",,,,,,,1,,,,,,,
,10,,,,1805,22,,10500,7,1,,,,,122,,,,,,,,,,,,,,,,,,,,,,,,,,,,14,,,,,,,,,,,,2125,1159,,,,,,,,,,,,,,,,,,,,,,,,,,,,,,,,,,,,"3",,,,,,,1,,,,,,,
,11,,,,1850,24,,11000,8,2,,,,,124,,,,,,,,,,,,,,,,,,,,,,,,,,,,14,,,,,,,,,,,,2174,1186,,,,,,,,,,,,,,,,,,,,,,,,,,,,,,,,,,,,"3",,,,,,,2,,,,,,,
,12,,,,1896,24,,11500,8,2,,,,,127,,,,,,,,,,,,,,,,,,,,,,,,,,,,14,,,,,,,,,,,,2227,1215,,,,,,,,,,,,,,,,,,,,,,,,,,,,,,,,,,,,"3",,,,,,,2,,,,,,,
,13,,,,1943,24,,12000,8,2,,,,,129,,,,,,,,,,,,,,,,,,,,,,,,,,,,14,,,,,,,,,,,,2277,1242,,,,,,,,,,,,,,,,,,,,,,,,,,,,,,,,,,,,"3",,,,,,,2,,,,,,,
,14,,,,1992,24,,12500,8,2,,,,,132,,,,,,,,,,,,,,,,,,,,,,,,,,,,14,,,,,,,,,,,,2334,1273,,,,,,,,,,,,,,,,,,,,,,,,,,,,,,,,,,,,"3",,,,,,,2,,,,,,,
,15,,,,2042,24,,13000,8,2,,,,,134,,,,,,,,,,,,,,,,,,,,,,,,,,,,16,,,,,,,,,,,,2495,1410,,,,,,,,,,,,,,,,,,,,,,,,,,,,,,,,,,,,"4",,,,,,,2,,,,,,,
,16,,,,2093,24,,13500,8,2,,,,,137,,,,,,,,,,,,,,,,,,,,,,,,,,,,16,,,,,,,,,,,,2556,1445,,,,,,,,,,,,,,,,,,,,,,,,,,,,,,,,,,,,"4",,,,,,,2,,,,,,,
,17,,,,2145,24,,14000,8,2,,,,,139,,,,,,,,,,,,,,,,,,,,,,,,,,,,16,,,,,,,,,,,,2613,1477,,,,,,,,,,,,,,,,,,,,,,,,,,,,,,,,,,,,"4",,,,,,,2,,,,,,,
,18,,,,2198,24,,14500,8,2,,,,,143,,,,,,,,,,,,,,,,,,,,,,,,,,,,16,,,,,,,,,,,,2680,1515,,,,,,,,,,,,,,,,,,,,,,,,,,,,,,,,,,,,"4",,,,,,,2,,,,,,,
,19,,,,2253,24,,15000,8,2,,,,,145,,,,,,,,,,,,,,,,,,,,,,,,,,,,16,,,,,,,,,,,,2740,1549,,,,,,,,,,,,,,,,,,,,,,,,,,,,,,,,,,,,"4",,,,,,,2,,,,,,,
,20,,,,2309,24,,17000,8,2,,,,,148,,,,,,,,,,,,,,,,,,,,,,,,,,,,18,,,,,,,,,,,,2927,1707,,,,,,,,,,,,,,,,,,,,,,,,,,,,,,,,,,,,"5",,,,,,,2,,,,,,,
,21,,,,2367,24,,19000,9,3,,,,,151,,,,,,,,,,,,,,,,,,,,,,,,,,,,18,,,,,,,,,,,,2997,1748,,,,,,,,,,,,,,,,,,,,,,,,,,,,,,,,,,,,"5",,,,,,,3,,,,,,,
,22,,,,2427,24,,21000,9,3,,,,,154,,,,,,,,,,,,,,,,,,,,,,,,,,,,18,,,,,,,,,,,,3069,1790,,,,,,,,,,,,,,,,,,,,,,,,,,,,,,,,,,,,"5",,,,,,,3,,,,,,,
,23,,,,2487,24,,23000,9,3,,,,,157,,,,,,,,,,,,,,,,,,,,,,,,,,,,18,,,,,,,,,,,,3141,1832,,,,,,,,,,,,,,,,,,,,,,,,,,,,,,,,,,,,"5",,,,,,,3,,,,,,,
,24,,,,2549,24,,25000,9,3,,,,,161,,,,,,,,,,,,,,,,,,,,,,,,,,,,18,,,,,,,,,,,,3220,1878,,,,,,,,,,,,,,,,,,,,,,,,,,,,,,,,,,,,"5",,,,,,,3,,,,,,,
,25,,,,2613,48,,27000,9,3,,,,,164,,,,,,,,,,,,,,,,,,,,,,,,,,,,20,,,,,,,,,,,,3433,2060,,,,,,,,,,,,,,,,,,,,,,,,,,,,,,,,,,,,"6",,,,,,,3,,,,,,,
,26,,,,2678,48,,29000,9,3,,,,,167,,,,,,,,,,,,,,,,,,,,,,,,,,,,20,,,,,,,,,,,,3513,2108,,,,,,,,,,,,,,,,,,,,,,,,,,,,,,,,,,,,"6",,,,,,,4,,,,,,,
,27,,,,2746,48,,31000,9,3,,,,,170,,,,,,,,,,,,,,,,,,,,,,,,,,,,20,,,,,,,,,,,,3596,2158,,,,,,,,,,,,,,,,,,,,,,,,,,,,,,,,,,,,"6",,,,,,,4,,,,,,,
,28,,,,2814,48,,33000,9,3,,,,,173,,,,,,,,,,,,,,,,,,,,,,,,,,,,20,,,,,,,,,,,,3679,2207,,,,,,,,,,,,,,,,,,,,,,,,,,,,,,,,,,,,"6",,,,,,,4,,,,,,,
,29,,,,2885,48,,35000,9,3,,,,,177,,,,,,,,,,,,,,,,,,,,,,,,,,,,20,,,,,,,,,,,,3770,2262,,,,,,,,,,,,,,,,,,,,,,,,,,,,,,,,,,,,"6",,,,,,,4,,,,,,,
,30,,,,2956,54,,37000,9,3,,,,,181,,,,,,,,,,,,,,,,,,,,,,,,,,,,22,,,,,,,,,,,,4015,2471,,,,,,,,,,,,,,,,,,,,,,,,,,,,,,,,,,,,"7",,,,,,,4,,,,,,,
,31,,,,3030,54,,39000,10,4,,,,,184,,,,,,,,,,,,,,,,,,,,,,,,,,,,22,,,,,,,,,,,,4108,2528,,,,,,,,,,,,,,,,,,,,,,,,,,,,,,,,,,,,"7",,,,,,,5,,,,,,,
,32,,,,3107,54,,41000,10,4,,,,,188,,,,,,,,,,,,,,,,,,,,,,,,,,,,22,,,,,,,,,,,,4209,2590,,,,,,,,,,,,,,,,,,,,,,,,,,,,,,,,,,,,"7",,,,,,,5,,,,,,,
,33,,,,3184,54,,43000,10,4,,,,,192,,,,,,,,,,,,,,,,,,,,,,,,,,,,22,,,,,,,,,,,,4310,2652,,,,,,,,,,,,,,,,,,,,,,,,,,,,,,,,,,,,"7",,,,,,,5,,,,,,,
,34,,,,3264,54,,45000,10,4,,,,,196,,,,,,,,,,,,,,,,,,,,,,,,,,,,22,,,,,,,,,,,,4414,2716,,,,,,,,,,,,,,,,,,,,,,,,,,,,,,,,,,,,"7",,,,,,,5,,,,,,,
,35,,,,3346,60,,47000,10,4,,,,,200,,,,,,,,,,,,,,,,,,,,,,,,,,,,24,,,,,,,,,,,,4694,2955,,,,,,,,,,,,,,,,,,,,,,,,,,,,,,,,,,,,"8",,,,,,,5,,,,,,,
,36,,,,3429,60,,49000,10,4,,,,,203,,,,,,,,,,,,,,,,,,,,,,,,,,,,24,,,,,,,,,,,,4800,3022,,,,,,,,,,,,,,,,,,,,,,,,,,,,,,,,,,,,"8",,,,,,,6,,,,,,,
,37,,,,3515,60,,51000,10,4,,,,,207,,,,,,,,,,,,,,,,,,,,,,,,,,,,24,,,,,,,,,,,,4914,3094,,,,,,,,,,,,,,,,,,,,,,,,,,,,,,,,,,,,"8",,,,,,,6,,,,,,,
,38,,,,3602,60,,53000,10,4,,,,,212,,,,,,,,,,,,,,,,,,,,,,,,,,,,24,,,,,,,,,,,,5035,3170,,,,,,,,,,,,,,,,,,,,,,,,,,,,,,,,,,,,"8",,,,,,,6,,,,,,,
,39,,,,3692,60,,55000,10,4,,,,,216,,,,,,,,,,,,,,,,,,,,,,,,,,,,24,,,,,,,,,,,,5154,3245,,,,,,,,,,,,,,,,,,,,,,,,,,,,,,,,,,,,"8",,,,,,,6,,,,,,,
,40,,,,3785,72,,58000,10,4,,,,,220,,,,,,,,,,,,,,,,,,,,,,,,,,,,26,,,,,,,,,,,,5471,3517,,,,,,,,,,,,,,,,,,,,,,,,,,,,,,,,,,,,"9",,,,,,,6,,,,,,,
,41,,,,3879,72,,61000,11,5,,,,,234,,,,,,,,,,,,,,,,,,,,,,,,,,,,26,,,,,,,,,,,,5655,3635,,,,,,,,,,,,,,,,,,,,,,,,,,,,,,,,,,,,"9",,,,,,,7,,,,,,,
,42,,,,3976,72,,64000,11,5,,,,,239,,,,,,,,,,,,,,,,,,,,,,,,,,,,26,,,,,,,,,,,,5792,3723,,,,,,,,,,,,,,,,,,,,,,,,,,,,,,,,,,,,"9",,,,,,,7,,,,,,,
,43,,,,4076,72,,67000,11,5,,,,,244,,,,,,,,,,,,,,,,,,,,,,,,,,,,26,,,,,,,,,,,,5932,3813,,,,,,,,,,,,,,,,,,,,,,,,,,,,,,,,,,,,"9",,,,,,,7,,,,,,,
,44,,,,4178,72,,70000,11,5,,,,,249,,,,,,,,,,,,,,,,,,,,,,,,,,,,26,,,,,,,,,,,,6074,3905,,,,,,,,,,,,,,,,,,,,,,,,,,,,,,,,,,,,"9",,,,,,,7,,,,,,,
,45,,,,4282,72,,73000,11,5,,,,,254,,,,,,,,,,,,,,,,,,,,,,,,,,,,28,,,,,,,,,,,,6440,4220,,,,,,,,,,,,,,,,,,,,,,,,,,,,,,,,,,,,"10",,,,,,,7,,,,,,,
,46,,,,4389,72,,76000,11,5,,,,,259,,,,,,,,,,,,,,,,,,,,,,,,,,,,28,,,,,,,,,,,,6593,4320,,,,,,,,,,,,,,,,,,,,,,,,,,,,,,,,,,,,"10",,,,,,,8,,,,,,,
,47,,,,4499,72,,79000,11,5,,,,,265,,,,,,,,,,,,,,,,,,,,,,,,,,,,28,,,,,,,,,,,,6756,4426,,,,,,,,,,,,,,,,,,,,,,,,,,,,,,,,,,,,"10",,,,,,,8,,,,,,,
,48,,,,4611,72,,82000,11,5,,,,,270,,,,,,,,,,,,,,,,,,,,,,,,,,,,28,,,,,,,,,,,,6915,4530,,,,,,,,,,,,,,,,,,,,,,,,,,,,,,,,,,,,"10",,,,,,,8,,,,,,,
,49,,,,4727,72,,85000,11,5,,,,,276,,,,,,,,,,,,,,,,,,,,,,,,,,,,28,,,,,,,,,,,,7084,4641,,,,,,,,,,,,,,,,,,,,,,,,,,,,,,,,,,,,"10",,,,,,,8,,,,,,,
,50,,,,4845,84,,86000,11,5,,,,,282,,,,,,,,,,,,,,,,,,,,,,,,,,,,30,,,,,,,,,,,,7506,5004,,,,,,,,,,,,,,,,,,,,,,,,,,,,,,,,,,,,"11",,,,,,,8,,,,,,,
,51,,,,4967,84,,87000,12,6,,,,,288,,,,,,,,,,,,,,,,,,,,,,,,,,,,30,,,,,,,,,,,,7688,5126,,,,,,,,,,,,,,,,,,,,,,,,,,,,,,,,,,,,"11",,,,,,,9,,,,,,,
,52,,,,5092,84,,88000,12,6,,,,,294,,,,,,,,,,,,,,,,,,,,,,,,,,,,30,,,,,,,,,,,,7874,5250,,,,,,,,,,,,,,,,,,,,,,,,,,,,,,,,,,,,"11",,,,,,,9,,,,,,,
,53,,,,5219,84,,89000,12,6,,,,,300,,,,,,,,,,,,,,,,,,,,,,,,,,,,30,,,,,,,,,,,,8063,5375,,,,,,,,,,,,,,,,,,,,,,,,,,,,,,,,,,,,"11",,,,,,,9,,,,,,,
,54,,,,5350,84,,90000,12,6,,,,,307,,,,,,,,,,,,,,,,,,,,,,,,,,,,30,,,,,,,,,,,,8262,5508,,,,,,,,,,,,,,,,,,,,,,,,,,,,,,,,,,,,"11",,,,,,,9,,,,,,,
,55,,,,5484,84,,93000,12,6,,,,,314,,,,,,,,,,,,,,,,,,,,,,,,,,,,32,,,,,,,,,,,,8747,5925,,,,,,,,,,,,,,,,,,,,,,,,,,,,,,,,,,,,"12",,,,,,,9,,,,,,,
,56,,,,5622,84,,96000,12,6,,,,,320,,,,,,,,,,,,,,,,,,,,,,,,,,,,32,,,,,,,,,,,,8955,6066,,,,,,,,,,,,,,,,,,,,,,,,,,,,,,,,,,,,"12",,,,,,,10,,,,,,,
,57,,,,5763,84,,99000,12,6,,,,,327,,,,,,,,,,,,,,,,,,,,,,,,,,,,32,,,,,,,,,,,,9174,6214,,,,,,,,,,,,,,,,,,,,,,,,,,,,,,,,,,,,"12",,,,,,,10,,,,,,,
,58,,,,5908,84,,102000,12,6,,,,,334,,,,,,,,,,,,,,,,,,,,,,,,,,,,32,,,,,,,,,,,,9397,6366,,,,,,,,,,,,,,,,,,,,,,,,,,,,,,,,,,,,"12",,,,,,,10,,,,,,,
,59,,,,6055,84,,105000,12,6,,,,,341,,,,,,,,,,,,,,,,,,,,,,,,,,,,32,,,,,,,,,,,,9622,6518,,,,,,,,,,,,,,,,,,,,,,,,,,,,,,,,,,,,"12",,,,,,,10,,,,,,,
,60,,,,6208,96,,107000,12,6,,,,,349,,,,,,,,,,,,,,,,,,,,,,,,,,,,34,,,,,,,,,,,,10180,6999,,,,,,,,,,,,,,,,,,,,,,,,,,,,,,,,,,,,"13",,,,,,,10,,,,,,,
,61,,,,6363,96,,109000,12,6,,,,,355,,,,,,,,,,,,,,,,,,,,,,,,,,,,34,,,,,,,,,,,,10417,7161,,,,,,,,,,,,,,,,,,,,,,,,,,,,,,,,,,,,"13",,,,,,,11,,,,,,,
,62,,,,6522,96,,111000,12,6,,,,,362,,,,,,,,,,,,,,,,,,,,,,,,,,,,34,,,,,,,,,,,,10665,7332,,,,,,,,,,,,,,,,,,,,,,,,,,,,,,,,,,,,"13",,,,,,,11,,,,,,,
,63,,,,6685,96,,113000,12,6,,,,,370,,,,,,,,,,,,,,,,,,,,,,,,,,,,34,,,,,,,,,,,,10925,7511,,,,,,,,,,,,,,,,,,,,,,,,,,,,,,,,,,,,"13",,,,,,,11,,,,,,,
,64,,,,6853,96,,115000,12,6,,,,,377,,,,,,,,,,,,,,,,,,,,,,,,,,,,34,,,,,,,,,,,,11185,7689,,,,,,,,,,,,,,,,,,,,,,,,,,,,,,,,,,,,"13",,,,,,,11,,,,,,,
,65,,,,7024,96,,117000,12,6,,,,,385,,,,,,,,,,,,,,,,,,,,,,,,,,,,36,,,,,,,,,,,,11813,7875,,,,,,,,,,,,,,,,,,,,,,,,,,,,,,,,,,,,"14",,,,,,,11,,,,,,,
,66,,,,7200,96,,119000,13,7,,,,,393,,,,,,,,,,,,,,,,,,,,,,,,,,,,36,,,,,,,,,,,,12098,8065,,,,,,,,,,,,,,,,,,,,,,,,,,,,,,,,,,,,"14",,,,,,,12,,,,,,,
,67,,,,7378,96,,121000,13,7,,,,,400,,,,,,,,,,,,,,,,,,,,,,,,,,,,36,,,,,,,,,,,,12379,8253,,,,,,,,,,,,,,,,,,,,,,,,,,,,,,,,,,,,"14",,,,,,,12,,,,,,,
,68,,,,7557,96,,123000,13,7,,,,,408,,,,,,,,,,,,,,,,,,,,,,,,,,,,36,,,,,,,,,,,,12668,8445,,,,,,,,,,,,,,,,,,,,,,,,,,,,,,,,,,,,"14",,,,,,,12,,,,,,,
,69,,,,7735,96,,125000,13,7,,,,,417,,,,,,,,,,,,,,,,,,,,,,,,,,,,36,,,,,,,,,,,,12962,8642,,,,,,,,,,,,,,,,,,,,,,,,,,,,,,,,,,,,"14",,,,,,,12,,,,,,,
,70,,,,7905,108,,130000,13,7,,,,,425,,,,,,,,,,,,,,,,,,,,,,,,,,,,38,,,,,,,,,,,,13641,8826,,,,,,,,,,,,,,,,,,,,,,,,,,,,,,,,,,,,"15",,,,,,,12,,,,,,,
,71,,,,8075,108,,135000,13,7,,,,,434,,,,,,,,,,,,,,,,,,,,,,,,,,,,38,,,,,,,,,,,,13933,9016,,,,,,,,,,,,,,,,,,,,,,,,,,,,,,,,,,,,"15",,,,,,,13,,,,,,,
,72,,,,8245,108,,140000,13,7,,,,,442,,,,,,,,,,,,,,,,,,,,,,,,,,,,38,,,,,,,,,,,,14219,9200,,,,,,,,,,,,,,,,,,,,,,,,,,,,,,,,,,,,"15",,,,,,,13,,,,,,,
,73,,,,8415,108,,145000,13,7,,,,,451,,,,,,,,,,,,,,,,,,,,,,,,,,,,38,,,,,,,,,,,,14511,9390,,,,,,,,,,,,,,,,,,,,,,,,,,,,,,,,,,,,"15",,,,,,,13,,,,,,,
,74,,,,8585,108,,150000,13,7,,,,,459,,,,,,,,,,,,,,,,,,,,,,,,,,,,38,,,,,,,,,,,,14797,9574,,,,,,,,,,,,,,,,,,,,,,,,,,,,,,,,,,,,"15",,,,,,,13,,,,,,,
,75,,,,8755,120,,155000,13,7,,,,,468,,,,,,,,,,,,,,,,,,,,,,,,,,,,40,,,,,,,,,,,,15533,10207,,,,,,,,,,,,,,,,,,,,,,,,,,,,,,,,,,,,"16",,,,,,,13,,,,,,,
,76,,,,8917,120,,160000,14,8,,,,,475,,,,,,,,,,,,,,,,,,,,,,,,,,,,40,,,,,,,,,,,,15809,10389,,,,,,,,,,,,,,,,,,,,,,,,,,,,,,,,,,,,"16",,,,,,,14,,,,,,,
,77,,,,9078,120,,165000,14,8,,,,,483,,,,,,,,,,,,,,,,,,,,,,,,,,,,40,,,,,,,,,,,,16090,10574,,,,,,,,,,,,,,,,,,,,,,,,,,,,,,,,,,,,"16",,,,,,,14,,,,,,,
,78,,,,9240,120,,170000,14,8,,,,,490,,,,,,,,,,,,,,,,,,,,,,,,,,,,40,,,,,,,,,,,,16366,10755,,,,,,,,,,,,,,,,,,,,,,,,,,,,,,,,,,,,"16",,,,,,,14,,,,,,,
,79,,,,9401,120,,175000,14,8,,,,,498,,,,,,,,,,,,,,,,,,,,,,,,,,,,40,,,,,,,,,,,,16647,10940,,,,,,,,,,,,,,,,,,,,,,,,,,,,,,,,,,,,"16",,,,,,,14,,,,,,,
,80,,,,9563,144,,180000,14,8,,,,,506,,,,,,,,,,,,,,,,,,,,,,,,,,,,42,,,,,,,,,,,,17414,11126,,,,,,,,,,,,,,,,,,,,,,,,,,,,,,,,,,,,"17",,,,,,,14,,,,,,,
,81,,,,9690,144,,190000,14,8,,,,,513,,,,,,,,,,,,,,,,,,,,,,,,,,,,42,,,,,,,,,,,,17647,11275,,,,,,,,,,,,,,,,,,,,,,,,,,,,,,,,,,,,"17",,,,,,,15,,,,,,,
,82,,,,9818,144,,200000,14,8,,,,,519,,,,,,,,,,,,,,,,,,,,,,,,,,,,42,,,,,,,,,,,,17875,11420,,,,,,,,,,,,,,,,,,,,,,,,,,,,,,,,,,,,"17",,,,,,,15,,,,,,,
,83,,,,9945,144,,210000,14,8,,,,,526,,,,,,,,,,,,,,,,,,,,,,,,,,,,42,,,,,,,,,,,,18108,11569,,,,,,,,,,,,,,,,,,,,,,,,,,,,,,,,,,,,"17",,,,,,,15,,,,,,,
,84,,,,10073,144,,220000,14,8,,,,,533,,,,,,,,,,,,,,,,,,,,,,,,,,,,42,,,,,,,,,,,,18343,11719,,,,,,,,,,,,,,,,,,,,,,,,,,,,,,,,,,,,"17",,,,,,,15,,,,,,,
,85,,,,10200,168,,230000,14,8,,,,,540,,,,,,,,,,,,,,,,,,,,,,,,,,,,44,,,,,,,,,,,,19092,11868,,,,,,,,,,,,,,,,,,,,,,,,,,,,,,,,,,,,"18",,,,,,,15,,,,,,,
,86,,,,10328,168,,240000,15,9,,,,,547,,,,,,,,,,,,,,,,,,,,,,,,,,,,44,,,,,,,,,,,,19333,12018,,,,,,,,,,,,,,,,,,,,,,,,,,,,,,,,,,,,"18",,,,,,,15,,,,,,,
,87,,,,10455,168,,250000,15,9,,,,,553,,,,,,,,,,,,,,,,,,,,,,,,,,,,44,,,,,,,,,,,,19566,12162,,,,,,,,,,,,,,,,,,,,,,,,,,,,,,,,,,,,"18",,,,,,,15,,,,,,,
,88,,,,10583,168,,260000,15,9,,,,,560,,,,,,,,,,,,,,,,,,,,,,,,,,,,44,,,,,,,,,,,,19807,12312,,,,,,,,,,,,,,,,,,,,,,,,,,,,,,,,,,,,"18",,,,,,,15,,,,,,,
,89,,,,10710,168,,270000,15,9,,,,,567,,,,,,,,,,,,,,,,,,,,,,,,,,,,44,,,,,,,,,,,,20047,12461,,,,,,,,,,,,,,,,,,,,,,,,,,,,,,,,,,,,"18",,,,,,,15,,,,,,,
,90,,,,10838,180,,280000,15,9,,,,,574,,,,,,,,,,,,,,,,,,,,,,,,,,,,46,,,,,,,,,,,,20836,12611,,,,,,,,,,,,,,,,,,,,,,,,,,,,,,,,,,,,"19",,,,,,,15,,,,,,,
,91,,,,10965,180,,290000,16,10,,,,,581,,,,,,,,,,,,,,,,,,,,,,,,,,,,46,,,,,,,,,,,,21082,12760,,,,,,,,,,,,,,,,,,,,,,,,,,,,,,,,,,,,"19",,,,,,,15,,,,,,,
,92,,,,11093,180,,300000,16,10,,,,,587,,,,,,,,,,,,,,,,,,,,,,,,,,,,46,,,,,,,,,,,,21323,12906,,,,,,,,,,,,,,,,,,,,,,,,,,,,,,,,,,,,"19",,,,,,,15,,,,,,,
,93,,,,11220,180,,310000,16,10,,,,,594,,,,,,,,,,,,,,,,,,,,,,,,,,,,46,,,,,,,,,,,,21569,13055,,,,,,,,,,,,,,,,,,,,,,,,,,,,,,,,,,,,"19",,,,,,,15,,,,,,,
,94,,,,11348,180,,320000,16,10,,,,,601,,,,,,,,,,,,,,,,,,,,,,,,,,,,46,,,,,,,,,,,,21817,13205,,,,,,,,,,,,,,,,,,,,,,,,,,,,,,,,,,,,"19",,,,,,,15,,,,,,,
,95,,,,11475,192,,340000,16,10,,,,,608,,,,,,,,,,,,,,,,,,,,,,,,,,,,48,,,,,,,,,,,,22643,13354,,,,,,,,,,,,,,,,,,,,,,,,,,,,,,,,,,,,"20",,,,,,,15,,,,,,,
,96,,,,11600,192,,350000,17,11,,,,,615,,,,,,,,,,,,,,,,,,,,,,,,,,,,48,,,,,,,,,,,,22900,13500,,,,,,,,,,,,,,,,,,,,,,,,,,,,,,,,,,,,"20",,,,,,,15,,,,,,,
,97,,,,11725,192,,360000,17,11,,,,,622,,,,,,,,,,,,,,,,,,,,,,,,,,,,48,,,,,,,,,,,,23150,13650,,,,,,,,,,,,,,,,,,,,,,,,,,,,,,,,,,,,"20",,,,,,,15,,,,,,,
,98,,,,11850,192,,370000,17,11,,,,,629,,,,,,,,,,,,,,,,,,,,,,,,,,,,48,,,,,,,,,,,,23400,13800,,,,,,,,,,,,,,,,,,,,,,,,,,,,,,,,,,,,"20",,,,,,,15,,,,,,,
,99,,,,11975,192,,380000,17,11,,,,,636,,,,,,,,,,,,,,,,,,,,,,,,,,,,48,,,,,,,,,,,,23650,13950,,,,,,,,,,,,,,,,,,,,,,,,,,,,,,,,,,,,"20",,,,,,,15,,,,,,,
,100,,,,12100,192,,400000,17,11,,,,,643,,,,,,,,,,,,,,,,,,,,,,,,,,,,48,,,,,,,,,,,,24300,14100,,,,,,,,,,,,,,,,,,,,,,,,,,,,,,,,,,,,"21",,,,,,,15,,,,,,,
,101,,,,12225,192,,410000,18,12,,,,,650,,,,,,,,,,,,,,,,,,,,,,,,,,,,50,,,,,,,,,,,,24450,14250,,,,,,,,,,,,,,,,,,,,,,,,,,,,,,,,,,,,"21",,,,,,,15,,,,,,,
,102,,,,12350,192,,420000,18,12,,,,,657,,,,,,,,,,,,,,,,,,,,,,,,,,,,50,,,,,,,,,,,,24600,14400,,,,,,,,,,,,,,,,,,,,,,,,,,,,,,,,,,,,"21",,,,,,,15,,,,,,,
,103,,,,12475,192,,430000,18,12,,,,,664,,,,,,,,,,,,,,,,,,,,,,,,,,,,50,,,,,,,,,,,,24750,14550,,,,,,,,,,,,,,,,,,,,,,,,,,,,,,,,,,,,"21",,,,,,,15,,,,,,,
,104,,,,12600,192,,450000,18,12,,,,,671,,,,,,,,,,,,,,,,,,,,,,,,,,,,50,,,,,,,,,,,,24900,14700,,,,,,,,,,,,,,,,,,,,,,,,,,,,,,,,,,,,"21",,,,,,,15,,,,,,,
,105,,,,12725,,,,18,12,,,,,678,,,,,,,,,,,,,,,,,,,,,,,,,,,,50,,,,,,,,,,,,25300,14850,,,,,,,,,,,,,,,,,,,,,,,,,,,,,,,,,,,,"22",,,,,,,15,,,,,,,
"Archer Queen",1,"TID_ARCHER_QUEEN","TID_HERO_INSTRUCTIONS_QUEEN",300,580,2,"DarkElixir",5000,8,2,500,,750,,136,1,,"sc/ui.sc","icon_hero_archerQueen","unit_archerQueen_big","sc/info_archer.sc","icon_hero_archerQueen_profile","sc/ui.sc","hero_art_aq","sc/ui.sc","ArcherQueen arrow lvl1",,"Hero Deploy",,,"Archer Queen Hit","FALSE","TRUE","TRUE","FALSE",,,,,1000,25,25,10,,"Elixir",,"Archer Queen Scream",,,300,"Archer","TID_HERO_ABILITY_QUEEN_DESC","icon_hero_archerQueen_ability1","unit_archerQueen_ability1_big",2520,1411,1300,,,,,,,,,,,,,,,,,,,,,,,2100,500,,-50,"TRUE",,,,"ArcherQueenDefault",,"F","ArcherQueenAbilityHeal","1","TRUE",,"HeroQueen",,2,"Archer Crown; Royal Cloak;",1,"sc/buildings.sc","AQ_rally_point","AQ_rally_point_base","aq",,"ForceMoveAQ","TRUE"
,2,,,,592,4,,5500,8,2,,,,,139,,,,,,,,,,,"ArcherQueen arrow lvl1",,,,,,,,,,,,,,,,,10,,,,,,,,,,,,2574,1441,,,,,,,,,,,,,,,,,,,,,,,,,,,,,,,,,,,,"1",,,,,,,1,,,,,,,
,3,,,,604,8,,6000,8,2,,,,,143,,,,,,,,,,,"ArcherQueen arrow lvl1",,,,,,,,,,,,,,,,,10,,,,,,,,,,,,2638,1477,,,,,,,,,,,,,,,,,,,,,,,,,,,,,,,,,,,,"1",,,,,,,1,,,,,,,
,4,,,,617,10,,6500,8,2,,,,,146,,,,,,,,,,,"ArcherQueen arrow lvl1",,,,,,,,,,,,,,,,,10,,,,,,,,,,,,2694,1509,,,,,,,,,,,,,,,,,,,,,,,,,,,,,,,,,,,,"1",,,,,,,1,,,,,,,
,5,,,,630,12,,7000,8,2,,,,,150,,,,,,,,,,,"ArcherQueen arrow lvl1",,,,,,,,,,,,,,,,,12,,,,,,,,,,,,2815,1601,,,,,,,,,,,,,,,,,,,,,,,,,,,,,,,,,,,,"2",,,,,,,1,,,,,,,
,6,,,,643,14,,7500,8,2,,,,,154,,,,,,,,,,,"ArcherQueen arrow lvl1",,,,,,,,,,,,,,,,,12,,,,,,,,,,,,2883,1639,,,,,,,,,,,,,,,,,,,,,,,,,,,,,,,,,,,,"2",,,,,,,1,,,,,,,
,7,,,,657,16,,8000,8,2,,,,,157,,,,,,,,,,,"ArcherQueen arrow lvl1",,,,,,,,,,,,,,,,,12,,,,,,,,,,,,2942,1673,,,,,,,,,,,,,,,,,,,,,,,,,,,,,,,,,,,,"2",,,,,,,1,,,,,,,
,8,,,,670,18,,8500,8,2,,,,,162,,,,,,,,,,,"ArcherQueen arrow lvl1",,,,,,,,,,,,,,,,,12,,,,,,,,,,,,3019,1717,,,,,,,,,,,,,,,,,,,,,,,,,,,,,,,,,,,,"2",,,,,,,1,,,,,,,
,9,,,,685,20,,10000,8,2,,,,,165,,,,,,,,,,,"ArcherQueen arrow lvl1",,,,,,,,,,,,,,,,,12,,,,,,,,,,,,3080,1752,,,,,,,,,,,,,,,,,,,,,,,,,,,,,,,,,,,,"2",,,,,,,1,,,,,,,
,10,,,,699,22,,10500,8,2,,,,,169,,,,,,,,,,,"ArcherQueen arrow lvl1",,,,,,,,,,,,,,,,,14,,,,,,,,,,,,3212,1853,,,,,,,,,,,,,,,,,,,,,,,,,,,,,,,,,,,,"3",,,,,,,1,,,,,,,
,11,,,,714,24,,11000,9,3,,,,,173,,,,,,,,,,,"ArcherQueen arrow lvl1",,,,,,,,,,,,,,,,,14,,,,,,,,,,,,3284,1895,,,,,,,,,,,,,,,,,,,,,,,,,,,,,,,,,,,,"3",,,,,,,2,,,,,,,
,12,,,,729,24,,11500,9,3,,,,,178,,,,,,,,,,,"ArcherQueen arrow lvl1",,,,,,,,,,,,,,,,,14,,,,,,,,,,,,3368,1943,,,,,,,,,,,,,,,,,,,,,,,,,,,,,,,,,,,,"3",,,,,,,2,,,,,,,
,13,,,,744,24,,12000,9,3,,,,,183,,,,,,,,,,,"ArcherQueen arrow lvl1",,,,,,,,,,,,,,,,,14,,,,,,,,,,,,3451,1991,,,,,,,,,,,,,,,,,,,,,,,,,,,,,,,,,,,,"3",,,,,,,2,,,,,,,
,14,,,,759,24,,12500,9,3,,,,,187,,,,,,,,,,,"ArcherQueen arrow lvl1",,,,,,,,,,,,,,,,,14,,,,,,,,,,,,3524,2033,,,,,,,,,,,,,,,,,,,,,,,,,,,,,,,,,,,,"3",,,,,,,2,,,,,,,
,15,,,,775,24,,13000,9,3,,,,,192,,,,,,,,,,,"ArcherQueen arrow lvl1",,,,,,,,,,,,,,,,,16,,,,,,,,,,,,3678,2151,,,,,,,,,,,,,,,,,,,,,,,,,,,,,,,,,,,,"4",,,,,,,2,,,,,,,
,16,,,,792,24,,13500,9,3,,,,,196,,,,,,,,,,,"ArcherQueen arrow lvl1",,,,,,,,,,,,,,,,,16,,,,,,,,,,,,3757,2197,,,,,,,,,,,,,,,,,,,,,,,,,,,,,,,,,,,,"4",,,,,,,2,,,,,,,
,17,,,,808,24,,14000,9,3,,,,,201,,,,,,,,,,,"ArcherQueen arrow lvl1",,,,,,,,,,,,,,,,,16,,,,,,,,,,,,3844,2248,,,,,,,,,,,,,,,,,,,,,,,,,,,,,,,,,,,,"4",,,,,,,2,,,,,,,
,18,,,,826,24,,14500,9,3,,,,,207,,,,,,,,,,,"ArcherQueen arrow lvl1",,,,,,,,,,,,,,,,,16,,,,,,,,,,,,3945,2308,,,,,,,,,,,,,,,,,,,,,,,,,,,,,,,,,,,,"4",,,,,,,2,,,,,,,
,19,,,,842,24,,15000,9,3,,,,,212,,,,,,,,,,,"ArcherQueen arrow lvl1",,,,,,,,,,,,,,,,,16,,,,,,,,,,,,4032,2358,,,,,,,,,,,,,,,,,,,,,,,,,,,,,,,,,,,,"4",,,,,,,2,,,,,,,
,20,,,,861,24,,17000,9,3,,,,,217,,,,,,,,,,,"ArcherQueen arrow lvl2",,,,,,,,,,,,,,,,,18,,,,,,,,,,,,4203,2491,,,,,,,,,,,,,,,,,,,,,,,,,,,,,,,,,,,,"5",,,,,,,2,,,,,,,
,21,,,,878,24,,19000,9,3,,,,,223,,,,,,,,,,,"ArcherQueen arrow lvl2",,,,,,,,,,,,,,,,,18,,,,,,,,,,,,4305,2551,,,,,,,,,,,,,,,,,,,,,,,,,,,,,,,,,,,,"5",,,,,,,3,,,,,,,
,22,,,,897,24,,21000,9,3,,,,,228,,,,,,,,,,,"ArcherQueen arrow lvl2",,,,,,,,,,,,,,,,,18,,,,,,,,,,,,4400,2607,,,,,,,,,,,,,,,,,,,,,,,,,,,,,,,,,,,,"5",,,,,,,3,,,,,,,
,23,,,,916,24,,23000,9,3,,,,,234,,,,,,,,,,,"ArcherQueen arrow lvl2",,,,,,,,,,,,,,,,,18,,,,,,,,,,,,4506,2670,,,,,,,,,,,,,,,,,,,,,,,,,,,,,,,,,,,,"5",,,,,,,3,,,,,,,
,24,,,,935,24,,25000,9,3,,,,,240,,,,,,,,,,,"ArcherQueen arrow lvl2",,,,,,,,,,,,,,,,,18,,,,,,,,,,,,4612,2733,,,,,,,,,,,,,,,,,,,,,,,,,,,,,,,,,,,,"5",,,,,,,3,,,,,,,
,25,,,,954,48,,27000,9,3,,,,,246,,,,,,,,,,,"ArcherQueen arrow lvl2",,,,,,,,,,,,,,,,,20,,,,,,,,,,,,4805,2883,,,,,,,,,,,,,,,,,,,,,,,,,,,,,,,,,,,,"6",,,,,,,3,,,,,,,
,26,,,,974,48,,29000,9,3,,,,,252,,,,,,,,,,,"ArcherQueen arrow lvl2",,,,,,,,,,,,,,,,,20,,,,,,,,,,,,4915,2949,,,,,,,,,,,,,,,,,,,,,,,,,,,,,,,,,,,,"6",,,,,,,4,,,,,,,
,27,,,,995,48,,31000,9,3,,,,,258,,,,,,,,,,,"ArcherQueen arrow lvl2",,,,,,,,,,,,,,,,,20,,,,,,,,,,,,5027,3016,,,,,,,,,,,,,,,,,,,,,,,,,,,,,,,,,,,,"6",,,,,,,4,,,,,,,
,28,,,,1016,48,,33000,9,3,,,,,264,,,,,,,,,,,"ArcherQueen arrow lvl2",,,,,,,,,,,,,,,,,20,,,,,,,,,,,,5139,3084,,,,,,,,,,,,,,,,,,,,,,,,,,,,,,,,,,,,"6",,,,,,,4,,,,,,,
,29,,,,1038,48,,35000,9,3,,,,,271,,,,,,,,,,,"ArcherQueen arrow lvl2",,,,,,,,,,,,,,,,,20,,,,,,,,,,,,5265,3159,,,,,,,,,,,,,,,,,,,,,,,,,,,,,,,,,,,,"6",,,,,,,4,,,,,,,
,30,,,,1059,54,,37000,9,3,,,,,278,,,,,,,,,,,"ArcherQueen arrow lvl2",,,,,,,,,,,,,,,,,22,,,,,,,,,,,,5486,3331,,,,,,,,,,,,,,,,,,,,,,,,,,,,,,,,,,,,"7",,,,,,,4,,,,,,,
,31,,,,1082,54,,39000,10,4,,,,,285,,,,,,,,,,,"ArcherQueen arrow lvl2",,,,,,,,,,,,,,,,,22,,,,,,,,,,,,5616,3410,,,,,,,,,,,,,,,,,,,,,,,,,,,,,,,,,,,,"7",,,,,,,5,,,,,,,
,32,,,,1104,54,,41000,10,4,,,,,292,,,,,,,,,,,"ArcherQueen arrow lvl2",,,,,,,,,,,,,,,,,22,,,,,,,,,,,,5743,3487,,,,,,,,,,,,,,,,,,,,,,,,,,,,,,,,,,,,"7",,,,,,,5,,,,,,,
,33,,,,1127,54,,43000,10,4,,,,,299,,,,,,,,,,,"ArcherQueen arrow lvl2",,,,,,,,,,,,,,,,,22,,,,,,,,,,,,5873,3566,,,,,,,,,,,,,,,,,,,,,,,,,,,,,,,,,,,,"7",,,,,,,5,,,,,,,
,34,,,,1151,54,,45000,10,4,,,,,307,,,,,,,,,,,"ArcherQueen arrow lvl2",,,,,,,,,,,,,,,,,22,,,,,,,,,,,,6017,3653,,,,,,,,,,,,,,,,,,,,,,,,,,,,,,,,,,,,"7",,,,,,,5,,,,,,,
,35,,,,1175,60,,47000,10,4,,,,,315,,,,,,,,,,,"ArcherQueen arrow lvl2",,,,,,,,,,,,,,,,,24,,,,,,,,,,,,6270,3850,,,,,,,,,,,,,,,,,,,,,,,,,,,,,,,,,,,,"8",,,,,,,5,,,,,,,
,36,,,,1200,60,,49000,10,4,,,,,322,,,,,,,,,,,"ArcherQueen arrow lvl2",,,,,,,,,,,,,,,,,24,,,,,,,,,,,,6407,3934,,,,,,,,,,,,,,,,,,,,,,,,,,,,,,,,,,,,"8",,,,,,,6,,,,,,,
,37,,,,1226,60,,51000,10,4,,,,,331,,,,,,,,,,,"ArcherQueen arrow lvl2",,,,,,,,,,,,,,,,,24,,,,,,,,,,,,6569,4033,,,,,,,,,,,,,,,,,,,,,,,,,,,,,,,,,,,,"8",,,,,,,6,,,,,,,
,38,,,,1251,60,,53000,10,4,,,,,338,,,,,,,,,,,"ArcherQueen arrow lvl2",,,,,,,,,,,,,,,,,24,,,,,,,,,,,,6705,4117,,,,,,,,,,,,,,,,,,,,,,,,,,,,,,,,,,,,"8",,,,,,,6,,,,,,,
,39,,,,1278,60,,55000,10,4,,,,,347,,,,,,,,,,,"ArcherQueen arrow lvl2",,,,,,,,,,,,,,,,,24,,,,,,,,,,,,6870,4218,,,,,,,,,,,,,,,,,,,,,,,,,,,,,,,,,,,,"8",,,,,,,6,,,,,,,
,40,,,,1304,72,,58000,10,4,,,,,356,,,,,,,,,,,"ArcherQueen arrow lvl2",,,,,,,,,,,,,,,,,26,,,,,,,,,,,,7155,4441,,,,,,,,,,,,,,,,,,,,,,,,,,,,,,,,,,,,"9",,,,,,,6,,,,,,,
,41,,,,1331,72,,61000,11,5,,,,,365,,,,,,,,,,,"ArcherQueen arrow lvl3",,,,,,,,,,,,,,,,,26,,,,,,,,,,,,7322,4545,,,,,,,,,,,,,,,,,,,,,,,,,,,,,,,,,,,,"9",,,,,,,7,,,,,,,
,42,,,,1359,72,,64000,11,5,,,,,374,,,,,,,,,,,"ArcherQueen arrow lvl3",,,,,,,,,,,,,,,,,26,,,,,,,,,,,,7491,4650,,,,,,,,,,,,,,,,,,,,,,,,,,,,,,,,,,,,"9",,,,,,,7,,,,,,,
,43,,,,1388,72,,67000,11,5,,,,,383,,,,,,,,,,,"ArcherQueen arrow lvl3",,,,,,,,,,,,,,,,,26,,,,,,,,,,,,7663,4756,,,,,,,,,,,,,,,,,,,,,,,,,,,,,,,,,,,,"9",,,,,,,7,,,,,,,
,44,,,,1417,72,,70000,11,5,,,,,393,,,,,,,,,,,"ArcherQueen arrow lvl3",,,,,,,,,,,,,,,,,26,,,,,,,,,,,,7846,4870,,,,,,,,,,,,,,,,,,,,,,,,,,,,,,,,,,,,"9",,,,,,,7,,,,,,,
,45,,,,1447,72,,73000,11,5,,,,,403,,,,,,,,,,,"ArcherQueen arrow lvl3",,,,,,,,,,,,,,,,,28,,,,,,,,,,,,8170,5124,,,,,,,,,,,,,,,,,,,,,,,,,,,,,,,,,,,,"10",,,,,,,7,,,,,,,
,46,,,,1478,72,,76000,11,5,,,,,413,,,,,,,,,,,"ArcherQueen arrow lvl3",,,,,,,,,,,,,,,,,28,,,,,,,,,,,,8361,5244,,,,,,,,,,,,,,,,,,,,,,,,,,,,,,,,,,,,"10",,,,,,,8,,,,,,,
,47,,,,1508,72,,79000,11,5,,,,,423,,,,,,,,,,,"ArcherQueen arrow lvl3",,,,,,,,,,,,,,,,,28,,,,,,,,,,,,8550,5362,,,,,,,,,,,,,,,,,,,,,,,,,,,,,,,,,,,,"10",,,,,,,8,,,,,,,
,48,,,,1540,72,,82000,11,5,,,,,434,,,,,,,,,,,"ArcherQueen arrow lvl3",,,,,,,,,,,,,,,,,28,,,,,,,,,,,,8756,5491,,,,,,,,,,,,,,,,,,,,,,,,,,,,,,,,,,,,"10",,,,,,,8,,,,,,,
,49,,,,1572,72,,85000,11,5,,,,,445,,,,,,,,,,,"ArcherQueen arrow lvl3",,,,,,,,,,,,,,,,,28,,,,,,,,,,,,8961,5620,,,,,,,,,,,,,,,,,,,,,,,,,,,,,,,,,,,,"10",,,,,,,8,,,,,,,
,50,,,,1606,84,,86000,11,5,,,,,456,,,,,,,,,,,"ArcherQueen arrow lvl3",,,,,,,,,,,,,,,,,30,,,,,,,,,,,,9326,5907,,,,,,,,,,,,,,,,,,,,,,,,,,,,,,,,,,,,"11",,,,,,,8,,,,,,,
,51,,,,1646,84,,87000,12,6,,,,,465,,,,,,,,,,,"ArcherQueen arrow lvl3",,,,,,,,,,,,,,,,,30,,,,,,,,,,,,9530,6036,,,,,,,,,,,,,,,,,,,,,,,,,,,,,,,,,,,,"11",,,,,,,9,,,,,,,
,52,,,,1688,84,,88000,12,6,,,,,474,,,,,,,,,,,"ArcherQueen arrow lvl3",,,,,,,,,,,,,,,,,30,,,,,,,,,,,,9739,6168,,,,,,,,,,,,,,,,,,,,,,,,,,,,,,,,,,,,"11",,,,,,,9,,,,,,,
,53,,,,1730,84,,89000,12,6,,,,,485,,,,,,,,,,,"ArcherQueen arrow lvl3",,,,,,,,,,,,,,,,,30,,,,,,,,,,,,9972,6316,,,,,,,,,,,,,,,,,,,,,,,,,,,,,,,,,,,,"11",,,,,,,9,,,,,,,
,54,,,,1774,84,,90000,12,6,,,,,495,,,,,,,,,,,"ArcherQueen arrow lvl3",,,,,,,,,,,,,,,,,30,,,,,,,,,,,,10198,6458,,,,,,,,,,,,,,,,,,,,,,,,,,,,,,,,,,,,"11",,,,,,,9,,,,,,,
,55,,,,1819,84,,93000,12,6,,,,,505,,,,,,,,,,,"ArcherQueen arrow lvl3",,,,,,,,,,,,,,,,,32,,,,,,,,,,,,10773,6777,,,,,,,,,,,,,,,,,,,,,,,,,,,,,,,,,,,,"12",,,,,,,9,,,,,,,
,56,,,,1865,84,,96000,12,6,,,,,515,,,,,,,,,,,"ArcherQueen arrow lvl3",,,,,,,,,,,,,,,,,32,,,,,,,,,,,,11011,6926,,,,,,,,,,,,,,,,,,,,,,,,,,,,,,,,,,,,"12",,,,,,,10,,,,,,,
,57,,,,1912,84,,99000,12,6,,,,,526,,,,,,,,,,,"ArcherQueen arrow lvl3",,,,,,,,,,,,,,,,,32,,,,,,,,,,,,11264,7086,,,,,,,,,,,,,,,,,,,,,,,,,,,,,,,,,,,,"12",,,,,,,10,,,,,,,
,58,,,,1960,84,,102000,12,6,,,,,537,,,,,,,,,,,"ArcherQueen arrow lvl3",,,,,,,,,,,,,,,,,32,,,,,,,,,,,,11520,7246,,,,,,,,,,,,,,,,,,,,,,,,,,,,,,,,,,,,"12",,,,,,,10,,,,,,,
,59,,,,2010,84,,105000,12,6,,,,,548,,,,,,,,,,,"ArcherQueen arrow lvl3",,,,,,,,,,,,,,,,,32,,,,,,,,,,,,11780,7410,,,,,,,,,,,,,,,,,,,,,,,,,,,,,,,,,,,,"12",,,,,,,10,,,,,,,
,60,,,,2060,96,,107000,12,6,,,,,559,,,,,,,,,,,"ArcherQueen arrow lvl3",,,,,,,,,,,,,,,,,34,,,,,,,,,,,,12429,7768,,,,,,,,,,,,,,,,,,,,,,,,,,,,,,,,,,,,"13",,,,,,,10,,,,,,,
,61,,,,2111,96,,109000,12,6,,,,,570,,,,,,,,,,,"ArcherQueen arrow lvl3",,,,,,,,,,,,,,,,,34,,,,,,,,,,,,12700,7938,,,,,,,,,,,,,,,,,,,,,,,,,,,,,,,,,,,,"13",,,,,,,11,,,,,,,
,62,,,,2164,96,,111000,12,6,,,,,581,,,,,,,,,,,"ArcherQueen arrow lvl3",,,,,,,,,,,,,,,,,34,,,,,,,,,,,,12977,8110,,,,,,,,,,,,,,,,,,,,,,,,,,,,,,,,,,,,"13",,,,,,,11,,,,,,,
,63,,,,2218,96,,113000,12,6,,,,,593,,,,,,,,,,,"ArcherQueen arrow lvl3",,,,,,,,,,,,,,,,,34,,,,,,,,,,,,13268,8293,,,,,,,,,,,,,,,,,,,,,,,,,,,,,,,,,,,,"13",,,,,,,11,,,,,,,
,64,,,,2274,96,,115000,12,6,,,,,605,,,,,,,,,,,"ArcherQueen arrow lvl3",,,,,,,,,,,,,,,,,34,,,,,,,,,,,,13565,8478,,,,,,,,,,,,,,,,,,,,,,,,,,,,,,,,,,,,"13",,,,,,,11,,,,,,,
,65,,,,2330,96,,117000,12,6,,,,,617,,,,,,,,,,,"ArcherQueen arrow lvl3",,,,,,,,,,,,,,,,,36,,,,,,,,,,,,14296,8881,,,,,,,,,,,,,,,,,,,,,,,,,,,,,,,,,,,,"14",,,,,,,11,,,,,,,
,66,,,,2384,96,,119000,13,7,,,,,628,,,,,,,,,,,"ArcherQueen arrow lvl3",,,,,,,,,,,,,,,,,36,,,,,,,,,,,,14583,9059,,,,,,,,,,,,,,,,,,,,,,,,,,,,,,,,,,,,"14",,,,,,,12,,,,,,,
,67,,,,2432,96,,121000,13,7,,,,,638,,,,,,,,,,,"ArcherQueen arrow lvl3",,,,,,,,,,,,,,,,,36,,,,,,,,,,,,14842,9220,,,,,,,,,,,,,,,,,,,,,,,,,,,,,,,,,,,,"14",,,,,,,12,,,,,,,
,68,,,,2476,96,,123000,13,7,,,,,648,,,,,,,,,,,"ArcherQueen arrow lvl3",,,,,,,,,,,,,,,,,36,,,,,,,,,,,,15090,9374,,,,,,,,,,,,,,,,,,,,,,,,,,,,,,,,,,,,"14",,,,,,,12,,,,,,,
,69,,,,2516,96,,125000,13,7,,,,,656,,,,,,,,,,,"ArcherQueen arrow lvl3",,,,,,,,,,,,,,,,,36,,,,,,,,,,,,15301,9505,,,,,,,,,,,,,,,,,,,,,,,,,,,,,,,,,,,,"14",,,,,,,12,,,,,,,
,70,,,,2552,108,,130000,13,7,,,,,664,,,,,,,,,,,"ArcherQueen arrow lvl3",,,,,,,,,,,,,,,,,38,,,,,,,,,,,,15972,9865,,,,,,,,,,,,,,,,,,,,,,,,,,,,,,,,,,,,"15",,,,,,,12,,,,,,,
,71,,,,2584,108,,135000,13,7,,,,,671,,,,,,,,,,,"ArcherQueen arrow lvl3",,,,,,,,,,,,,,,,,38,,,,,,,,,,,,16154,9978,,,,,,,,,,,,,,,,,,,,,,,,,,,,,,,,,,,,"15",,,,,,,13,,,,,,,
,72,,,,2616,108,,140000,13,7,,,,,677,,,,,,,,,,,"ArcherQueen arrow lvl3",,,,,,,,,,,,,,,,,38,,,,,,,,,,,,16323,10082,,,,,,,,,,,,,,,,,,,,,,,,,,,,,,,,,,,,"15",,,,,,,13,,,,,,,
,73,,,,2648,108,,145000,13,7,,,,,682,,,,,,,,,,,"ArcherQueen arrow lvl3",,,,,,,,,,,,,,,,,38,,,,,,,,,,,,16478,10177,,,,,,,,,,,,,,,,,,,,,,,,,,,,,,,,,,,,"15",,,,,,,13,,,,,,,
,74,,,,2680,108,,150000,13,7,,,,,687,,,,,,,,,,,"ArcherQueen arrow lvl3",,,,,,,,,,,,,,,,,38,,,,,,,,,,,,16633,10273,,,,,,,,,,,,,,,,,,,,,,,,,,,,,,,,,,,,"15",,,,,,,13,,,,,,,
,75,,,,2712,120,,155000,13,7,,,,,692,,,,,,,,,,,"ArcherQueen arrow lvl3",,,,,,,,,,,,,,,,,40,,,,,,,,,,,,17282,10616,,,,,,,,,,,,,,,,,,,,,,,,,,,,,,,,,,,,"16",,,,,,,13,,,,,,,
,76,,,,2740,120,,160000,14,8,,,,,697,,,,,,,,,,,"ArcherQueen arrow lvl3",,,,,,,,,,,,,,,,,40,,,,,,,,,,,,17430,10707,,,,,,,,,,,,,,,,,,,,,,,,,,,,,,,,,,,,"16",,,,,,,14,,,,,,,
,77,,,,2768,120,,165000,14,8,,,,,701,,,,,,,,,,,"ArcherQueen arrow lvl3",,,,,,,,,,,,,,,,,40,,,,,,,,,,,,17564,10790,,,,,,,,,,,,,,,,,,,,,,,,,,,,,,,,,,,,"16",,,,,,,14,,,,,,,
,78,,,,2796,120,,170000,14,8,,,,,706,,,,,,,,,,,"ArcherQueen arrow lvl3",,,,,,,,,,,,,,,,,40,,,,,,,,,,,,17713,10881,,,,,,,,,,,,,,,,,,,,,,,,,,,,,,,,,,,,"16",,,,,,,14,,,,,,,
,79,,,,2824,120,,175000,14,8,,,,,710,,,,,,,,,,,"ArcherQueen arrow lvl3",,,,,,,,,,,,,,,,,40,,,,,,,,,,,,17847,10963,,,,,,,,,,,,,,,,,,,,,,,,,,,,,,,,,,,,"16",,,,,,,14,,,,,,,
,80,,,,2852,144,,180000,14,8,,,,,714,,,,,,,,,,,"ArcherQueen arrow lvl3",,,,,,,,,,,,,,,,,42,,,,,,,,,,,,18495,11303,,,,,,,,,,,,,,,,,,,,,,,,,,,,,,,,,,,,"17",,,,,,,14,,,,,,,
,81,,,,2880,144,,190000,14,8,,,,,717,,,,,,,,,,,"ArcherQueen arrow lvl3",,,,,,,,,,,,,,,,,42,,,,,,,,,,,,18619,11378,,,,,,,,,,,,,,,,,,,,,,,,,,,,,,,,,,,,"17",,,,,,,15,,,,,,,
,82,,,,2904,144,,200000,14,8,,,,,721,,,,,,,,,,,"ArcherQueen arrow lvl3",,,,,,,,,,,,,,,,,42,,,,,,,,,,,,18746,11456,,,,,,,,,,,,,,,,,,,,,,,,,,,,,,,,,,,,"17",,,,,,,15,,,,,,,
,83,,,,2928,144,,210000,14,8,,,,,724,,,,,,,,,,,"ArcherQueen arrow lvl3",,,,,,,,,,,,,,,,,42,,,,,,,,,,,,18858,11524,,,,,,,,,,,,,,,,,,,,,,,,,,,,,,,,,,,,"17",,,,,,,15,,,,,,,
,84,,,,2952,144,,220000,14,8,,,,,728,,,,,,,,,,,"ArcherQueen arrow lvl3",,,,,,,,,,,,,,,,,42,,,,,,,,,,,,18985,11602,,,,,,,,,,,,,,,,,,,,,,,,,,,,,,,,,,,,"17",,,,,,,15,,,,,,,
,85,,,,2976,168,,230000,14,8,,,,,731,,,,,,,,,,,"ArcherQueen arrow lvl3",,,,,,,,,,,,,,,,,44,,,,,,,,,,,,19628,11936,,,,,,,,,,,,,,,,,,,,,,,,,,,,,,,,,,,,"18",,,,,,,15,,,,,,,
,86,,,,3000,168,,240000,15,9,,,,,734,,,,,,,,,,,"ArcherQueen arrow lvl3",,,,,,,,,,,,,,,,,44,,,,,,,,,,,,19743,12006,,,,,,,,,,,,,,,,,,,,,,,,,,,,,,,,,,,,"18",,,,,,,15,,,,,,,
,87,,,,3024,168,,250000,15,9,,,,,738,,,,,,,,,,,"ArcherQueen arrow lvl3",,,,,,,,,,,,,,,,,44,,,,,,,,,,,,19873,12085,,,,,,,,,,,,,,,,,,,,,,,,,,,,,,,,,,,,"18",,,,,,,15,,,,,,,
,88,,,,3048,168,,260000,15,9,,,,,741,,,,,,,,,,,"ArcherQueen arrow lvl3",,,,,,,,,,,,,,,,,44,,,,,,,,,,,,19989,12155,,,,,,,,,,,,,,,,,,,,,,,,,,,,,,,,,,,,"18",,,,,,,15,,,,,,,
,89,,,,3072,168,,270000,15,9,,,,,745,,,,,,,,,,,"ArcherQueen arrow lvl3",,,,,,,,,,,,,,,,,44,,,,,,,,,,,,20119,12235,,,,,,,,,,,,,,,,,,,,,,,,,,,,,,,,,,,,"18",,,,,,,15,,,,,,,
,90,,,,3096,180,,280000,15,9,,,,,748,,,,,,,,,,,"ArcherQueen arrow lvl3",,,,,,,,,,,,,,,,,46,,,,,,,,,,,,20781,12578,,,,,,,,,,,,,,,,,,,,,,,,,,,,,,,,,,,,"19",,,,,,,15,,,,,,,
,91,,,,3120,180,,290000,16,10,,,,,751,,,,,,,,,,,"ArcherQueen arrow lvl3",,,,,,,,,,,,,,,,,46,,,,,,,,,,,,20900,12650,,,,,,,,,,,,,,,,,,,,,,,,,,,,,,,,,,,,"19",,,,,,,15,,,,,,,
,92,,,,3144,180,,300000,16,10,,,,,755,,,,,,,,,,,"ArcherQueen arrow lvl3",,,,,,,,,,,,,,,,,46,,,,,,,,,,,,21034,12731,,,,,,,,,,,,,,,,,,,,,,,,,,,,,,,,,,,,"19",,,,,,,15,,,,,,,
,93,,,,3168,180,,310000,16,10,,,,,758,,,,,,,,,,,"ArcherQueen arrow lvl3",,,,,,,,,,,,,,,,,46,,,,,,,,,,,,21152,12803,,,,,,,,,,,,,,,,,,,,,,,,,,,,,,,,,,,,"19",,,,,,,15,,,,,,,
,94,,,,3192,180,,320000,16,10,,,,,762,,,,,,,,,,,"ArcherQueen arrow lvl3",,,,,,,,,,,,,,,,,46,,,,,,,,,,,,21286,12884,,,,,,,,,,,,,,,,,,,,,,,,,,,,,,,,,,,,"19",,,,,,,15,,,,,,,
,95,,,,3216,192,,340000,16,10,,,,,765,,,,,,,,,,,"ArcherQueen arrow lvl3",,,,,,,,,,,,,,,,,48,,,,,,,,,,,,21968,13237,,,,,,,,,,,,,,,,,,,,,,,,,,,,,,,,,,,,"20",,,,,,,15,,,,,,,
,96,,,,3240,192,,350000,17,11,,,,,768,,,,,,,,,,,"ArcherQueen arrow lvl3",,,,,,,,,,,,,,,,,48,,,,,,,,,,,,22100,13300,,,,,,,,,,,,,,,,,,,,,,,,,,,,,,,,,,,,"20",,,,,,,15,,,,,,,
,97,,,,3264,192,,360000,17,11,,,,,771,,,,,,,,,,,"ArcherQueen arrow lvl3",,,,,,,,,,,,,,,,,48,,,,,,,,,,,,22250,13400,,,,,,,,,,,,,,,,,,,,,,,,,,,,,,,,,,,,"20",,,,,,,15,,,,,,,
,98,,,,3288,192,,370000,17,11,,,,,774,,,,,,,,,,,"ArcherQueen arrow lvl3",,,,,,,,,,,,,,,,,48,,,,,,,,,,,,22400,13500,,,,,,,,,,,,,,,,,,,,,,,,,,,,,,,,,,,,"20",,,,,,,15,,,,,,,
,99,,,,3312,192,,380000,17,11,,,,,777,,,,,,,,,,,"ArcherQueen arrow lvl3",,,,,,,,,,,,,,,,,48,,,,,,,,,,,,22550,13600,,,,,,,,,,,,,,,,,,,,,,,,,,,,,,,,,,,,"20",,,,,,,15,,,,,,,
,100,,,,3336,192,,400000,17,11,,,,,780,,,,,,,,,,,"ArcherQueen arrow lvl3",,,,,,,,,,,,,,,,,48,,,,,,,,,,,,23200,13700,,,,,,,,,,,,,,,,,,,,,,,,,,,,,,,,,,,,"21",,,,,,,15,,,,,,,
,101,,,,3360,192,,410000,18,12,,,,,783,,,,,,,,,,,"ArcherQueen arrow lvl3",,,,,,,,,,,,,,,,,50,,,,,,,,,,,,23350,13800,,,,,,,,,,,,,,,,,,,,,,,,,,,,,,,,,,,,"21",,,,,,,15,,,,,,,
,102,,,,3384,192,,420000,18,12,,,,,786,,,,,,,,,,,"ArcherQueen arrow lvl3",,,,,,,,,,,,,,,,,50,,,,,,,,,,,,23500,13900,,,,,,,,,,,,,,,,,,,,,,,,,,,,,,,,,,,,"21",,,,,,,15,,,,,,,
,103,,,,3408,192,,430000,18,12,,,,,789,,,,,,,,,,,"ArcherQueen arrow lvl3",,,,,,,,,,,,,,,,,50,,,,,,,,,,,,23650,14000,,,,,,,,,,,,,,,,,,,,,,,,,,,,,,,,,,,,"21",,,,,,,15,,,,,,,
,104,,,,3432,192,,450000,18,12,,,,,792,,,,,,,,,,,"ArcherQueen arrow lvl3",,,,,,,,,,,,,,,,,50,,,,,,,,,,,,23800,14100,,,,,,,,,,,,,,,,,,,,,,,,,,,,,,,,,,,,"21",,,,,,,15,,,,,,,
,105,,,,3456,,,,18,12,,,,,795,,,,,,,,,,,"ArcherQueen arrow lvl3",,,,,,,,,,,,,,,,,50,,,,,,,,,,,,24200,14200,,,,,,,,,,,,,,,,,,,,,,,,,,,,,,,,,,,,"22",,,,,,,15,,,,,,,
"Grand Warden",1,"TID_GRAND_WARDEN","TID_HERO_INSTRUCTIONS_WARDEN",200,850,2,"Elixir",1000000,11,5,700,650,1800,1050,43,1,,"sc/ui.sc","icon_hero_grandwarden","unit_elder_big","sc/info_ancientelder.sc","icon_hero_grandwarden_profile","sc/ui.sc","hero_art_gw","sc/ui.sc",,,"Hero Deploy",,,"Grand Warden Hit","FALSE","TRUE","TRUE","TRUE",,,,,1000,25,15,20,,"Elixir",,"Grand Warden Scream",,,200,,"TID_HERO_ABILITY_WARDEN_DESC","icon_hero_grandwarden_ability1","unit_elder_ability_big",6150,2982,1300,,"GrandWardenRangeRing",0,,,,,,,"TRUE","TRUE",,,,,"TRUE",500,1300,2000,"TRUE",792,1,0,500,"Grand Warden Statue Attack",-50,"TRUE",,,,"GrandWardenDefault",,"M","GrandWardenAbilityHeal","1","TRUE",,"HeroGrandWarden","HeroGrandWardenAir",2,"Eternal Tome; Life Gem;",1,"sc/buildings.sc","GW_rally_point","GW_rally_point_base","gw",,"ForceMoveGW","TRUE"
,2,,,,868,4,,1100000,11,5,,,,,44,,,,,,,,,,,,,,,,,,,,,,,,,,,,20,,,,,,,,,,,,6300,3046,,,,,,,,,,,,,,,,,,,,,,,,,,,,,,,,,,,,"1",,,,,,,1,,,,,,,
,3,,,,886,8,,1200000,11,5,,,,,46,,,,,,,,,,,,,,,,,,,,,,,,,,,,20,,,,,,,,,,,,6450,3125,,,,,,,,,,,,,,,,,,,,,,,,,,,,,,,,,,,,"1",,,,,,,1,,,,,,,
,4,,,,904,10,,1400000,11,5,,,,,48,,,,,,,,,,,,,,,,,,,,,,,,,,,,20,,,,,,,,,,,,6600,3203,,,,,,,,,,,,,,,,,,,,,,,,,,,,,,,,,,,,"1",,,,,,,2,,,,,,,
,5,,,,923,12,,1500000,11,5,,,,,49,,,,,,,,,,,,,,,,,,,,,,,,,,,,22,,,,,,,,,,,,7000,3317,,,,,,,,,,,,,,,,,,,,,,,,,,,,,,,,,,,,"2",,,,,,,2,,,,,,,
,6,,,,942,14,,1700000,11,5,,,,,51,,,,,,,,,,,,,,,,,,,,,,,,,,,,22,,,,,,,,,,,,7150,3399,,,,,,,,,,,,,,,,,,,,,,,,,,,,,,,,,,,,"2",,,,,,,3,,,,,,,
,7,,,,961,16,,1800000,11,5,,,,,54,,,,,,,,,,,,,,,,,,,,,,,,,,,,22,,,,,,,,,,,,7300,3496,,,,,,,,,,,,,,,,,,,,,,,,,,,,,,,,,,,,"2",,,,,,,3,,,,,,,
,8,,,,982,18,,2000000,11,5,,,,,56,,,,,,,,,,,,,,,,,,,,,,,,,,,,22,,,,,,,,,,,,7450,3584,,,,,,,,,,,,,,,,,,,,,,,,,,,,,,,,,,,,"2",,,,,,,4,,,,,,,
,9,,,,1003,20,,2300000,11,5,,,,,59,,,,,,,,,,,,,,,,,,,,,,,,,,,,22,,,,,,,,,,,,7600,3686,,,,,,,,,,,,,,,,,,,,,,,,,,,,,,,,,,,,"2",,,,,,,4,,,,,,,
,10,,,,1025,24,,2700000,11,5,,,,,61,,,,,,,,,,,,,,,,,,,,,,,,,,,,24,,,,,,,,,,,,8000,3830,,,,,,,,,,,,,,,,,,,,,,,,,,,,,,,,,,,,"3",,,,,,,5,,,,,,,
,11,,,,1048,24,,3000000,11,5,,,,,64,,,,,,,,,,,,,,,,,,,,,,,,,,,,24,,,,,,,,,,,,8150,3940,,,,,,,,,,,,,,,,,,,,,,,,,,,,,,,,,,,,"3",,,,,,,5,,,,,,,
,12,,,,1072,24,,3400000,11,5,,,,,66,,,,,,,,,,,,,,,,,,,,,,,,,,,,24,,,,,,,,,,,,8300,4038,,,,,,,,,,,,,,,,,,,,,,,,,,,,,,,,,,,,"3",,,,,,,6,,,,,,,
,13,,,,1097,24,,3700000,11,5,,,,,70,,,,,,,,,,,,,,,,,,,,,,,,,,,,24,,,,,,,,,,,,8450,4167,,,,,,,,,,,,,,,,,,,,,,,,,,,,,,,,,,,,"3",,,,,,,6,,,,,,,
,14,,,,1122,24,,4100000,11,5,,,,,73,,,,,,,,,,,,,,,,,,,,,,,,,,,,24,,,,,,,,,,,,8600,4283,,,,,,,,,,,,,,,,,,,,,,,,,,,,,,,,,,,,"3",,,,,,,7,,,,,,,
,15,,,,1148,24,,4400000,11,5,,,,,77,,,,,,,,,,,,,,,,,,,,,,,,,,,,26,,,,,,,,,,,,9000,4476,,,,,,,,,,,,,,,,,,,,,,,,,,,,,,,,,,,,"4",,,,,,,7,,,,,,,
,16,,,,1173,24,,4800000,11,5,,,,,80,,,,,,,,,,,,,,,,,,,,,,,,,,,,26,,,,,,,,,,,,9300,4593,,,,,,,,,,,,,,,,,,,,,,,,,,,,,,,,,,,,"4",,,,,,,8,,,,,,,
,17,,,,1199,24,,5100000,11,5,,,,,83,,,,,,,,,,,,,,,,,,,,,,,,,,,,26,,,,,,,,,,,,9600,4713,,,,,,,,,,,,,,,,,,,,,,,,,,,,,,,,,,,,"4",,,,,,,8,,,,,,,
,18,,,,1224,24,,5500000,11,5,,,,,87,,,,,,,,,,,,,,,,,,,,,,,,,,,,26,,,,,,,,,,,,9900,4844,,,,,,,,,,,,,,,,,,,,,,,,,,,,,,,,,,,,"4",,,,,,,8,,,,,,,
,19,,,,1250,24,,6000000,11,5,,,,,90,,,,,,,,,,,,,,,,,,,,,,,,,,,,26,,,,,,,,,,,,10200,4964,,,,,,,,,,,,,,,,,,,,,,,,,,,,,,,,,,,,"4",,,,,,,8,,,,,,,
,20,,,,1275,36,,6100000,11,5,,,,,94,,,,,,,,,,,,,,,,,,,,,,,,,,,,28,,,,,,,,,,,,11000,5165,,,,,,,,,,,,,,,,,,,,,,,,,,,,,,,,,,,,"5",,,,,,,8,,,,,,,
,21,,,,1301,36,,6200000,12,6,,,,,98,,,,,,,,,,,,,,,,,,,,,,,,,,,,28,,,,,,,,,,,,11300,5301,,,,,,,,,,,,,,,,,,,,,,,,,,,,,,,,,,,,"5",,,,,,,9,,,,,,,
,22,,,,1327,36,,6300000,12,6,,,,,102,,,,,,,,,,,,,,,,,,,,,,,,,,,,28,,,,,,,,,,,,11600,5438,,,,,,,,,,,,,,,,,,,,,,,,,,,,,,,,,,,,"5",,,,,,,9,,,,,,,
,23,,,,1354,36,,6400000,12,6,,,,,106,,,,,,,,,,,,,,,,,,,,,,,,,,,,28,,,,,,,,,,,,11900,5577,,,,,,,,,,,,,,,,,,,,,,,,,,,,,,,,,,,,"5",,,,,,,9,,,,,,,
,24,,,,1381,36,,6500000,12,6,,,,,111,,,,,,,,,,,,,,,,,,,,,,,,,,,,28,,,,,,,,,,,,12200,5731,,,,,,,,,,,,,,,,,,,,,,,,,,,,,,,,,,,,"5",,,,,,,9,,,,,,,
,25,,,,1409,36,,6600000,12,6,,,,,116,,,,,,,,,,,,,,,,,,,,,,,,,,,,30,,,,,,,,,,,,13000,5967,,,,,,,,,,,,,,,,,,,,,,,,,,,,,,,,,,,,"6",,,,,,,9,,,,,,,
,26,,,,1438,36,,6700000,12,6,,,,,121,,,,,,,,,,,,,,,,,,,,,,,,,,,,30,,,,,,,,,,,,13300,6129,,,,,,,,,,,,,,,,,,,,,,,,,,,,,,,,,,,,"6",,,,,,,9,,,,,,,
,27,,,,1467,36,,6800000,12,6,,,,,126,,,,,,,,,,,,,,,,,,,,,,,,,,,,30,,,,,,,,,,,,13600,6291,,,,,,,,,,,,,,,,,,,,,,,,,,,,,,,,,,,,"6",,,,,,,9,,,,,,,
,28,,,,1497,36,,6900000,12,6,,,,,131,,,,,,,,,,,,,,,,,,,,,,,,,,,,30,,,,,,,,,,,,13900,6456,,,,,,,,,,,,,,,,,,,,,,,,,,,,,,,,,,,,"6",,,,,,,9,,,,,,,
,29,,,,1527,36,,7000000,12,6,,,,,137,,,,,,,,,,,,,,,,,,,,,,,,,,,,30,,,,,,,,,,,,14200,6636,,,,,,,,,,,,,,,,,,,,,,,,,,,,,,,,,,,,"6",,,,,,,9,,,,,,,
,30,,,,1558,48,,7100000,12,6,,,,,143,,,,,,,,,,,,,,,,,,,,,,,,,,,,32,,,,,,,,,,,,15000,6910,,,,,,,,,,,,,,,,,,,,,,,,,,,,,,,,,,,,"7",,,,,,,9,,,,,,,
,31,,,,1590,48,,7200000,12,6,,,,,149,,,,,,,,,,,,,,,,,,,,,,,,,,,,32,,,,,,,,,,,,15450,7098,,,,,,,,,,,,,,,,,,,,,,,,,,,,,,,,,,,,"7",,,,,,,10,,,,,,,
,32,,,,1622,48,,7300000,12,6,,,,,155,,,,,,,,,,,,,,,,,,,,,,,,,,,,32,,,,,,,,,,,,15900,7287,,,,,,,,,,,,,,,,,,,,,,,,,,,,,,,,,,,,"7",,,,,,,10,,,,,,,
,33,,,,1655,48,,7400000,12,6,,,,,162,,,,,,,,,,,,,,,,,,,,,,,,,,,,32,,,,,,,,,,,,16350,7494,,,,,,,,,,,,,,,,,,,,,,,,,,,,,,,,,,,,"7",,,,,,,10,,,,,,,
,34,,,,1688,48,,7500000,12,6,,,,,168,,,,,,,,,,,,,,,,,,,,,,,,,,,,32,,,,,,,,,,,,16800,7685,,,,,,,,,,,,,,,,,,,,,,,,,,,,,,,,,,,,"7",,,,,,,10,,,,,,,
,35,,,,1722,54,,7600000,12,6,,,,,175,,,,,,,,,,,,,,,,,,,,,,,,,,,,34,,,,,,,,,,,,18000,7999,,,,,,,,,,,,,,,,,,,,,,,,,,,,,,,,,,,,"8",,,,,,,10,,,,,,,
,36,,,,1757,54,,7700000,12,6,,,,,183,,,,,,,,,,,,,,,,,,,,,,,,,,,,34,,,,,,,,,,,,18450,8230,,,,,,,,,,,,,,,,,,,,,,,,,,,,,,,,,,,,"8",,,,,,,11,,,,,,,
,37,,,,1793,54,,7800000,12,6,,,,,190,,,,,,,,,,,,,,,,,,,,,,,,,,,,34,,,,,,,,,,,,18900,8448,,,,,,,,,,,,,,,,,,,,,,,,,,,,,,,,,,,,"8",,,,,,,11,,,,,,,
,38,,,,1829,54,,7900000,12,6,,,,,198,,,,,,,,,,,,,,,,,,,,,,,,,,,,34,,,,,,,,,,,,19350,8683,,,,,,,,,,,,,,,,,,,,,,,,,,,,,,,,,,,,"8",,,,,,,11,,,,,,,
,39,,,,1867,54,,8000000,12,6,,,,,207,,,,,,,,,,,,,,,,,,,,,,,,,,,,34,,,,,,,,,,,,19800,8938,,,,,,,,,,,,,,,,,,,,,,,,,,,,,,,,,,,,"8",,,,,,,11,,,,,,,
,40,,,,1904,72,,8300000,12,6,,,,,215,,,,,,,,,,,,,,,,,,,,,,,,,,,,36,,,,,,,,,,,,21000,9294,,,,,,,,,,,,,,,,,,,,,,,,,,,,,,,,,,,,"9",,,,,,,11,,,,,,,
,41,,,,1921,72,,8600000,13,7,,,,,221,,,,,,,,,,,,,,,,,,,,,,,,,,,,36,,,,,,,,,,,,21300,9441,,,,,,,,,,,,,,,,,,,,,,,,,,,,,,,,,,,,"9",,,,,,,12,,,,,,,
,42,,,,1938,72,,8900000,13,7,,,,,226,,,,,,,,,,,,,,,,,,,,,,,,,,,,36,,,,,,,,,,,,21600,9572,,,,,,,,,,,,,,,,,,,,,,,,,,,,,,,,,,,,"9",,,,,,,12,,,,,,,
,43,,,,1955,72,,9200000,13,7,,,,,230,,,,,,,,,,,,,,,,,,,,,,,,,,,,36,,,,,,,,,,,,21900,9688,,,,,,,,,,,,,,,,,,,,,,,,,,,,,,,,,,,,"9",,,,,,,12,,,,,,,
,44,,,,1972,72,,9500000,13,7,,,,,234,,,,,,,,,,,,,,,,,,,,,,,,,,,,36,,,,,,,,,,,,22200,9803,,,,,,,,,,,,,,,,,,,,,,,,,,,,,,,,,,,,"9",,,,,,,12,,,,,,,
,45,,,,1989,96,,9800000,13,7,,,,,237,,,,,,,,,,,,,,,,,,,,,,,,,,,,38,,,,,,,,,,,,23000,10030,,,,,,,,,,,,,,,,,,,,,,,,,,,,,,,,,,,,"10",,,,,,,12,,,,,,,
,46,,,,2006,96,,10100000,13,7,,,,,241,,,,,,,,,,,,,,,,,,,,,,,,,,,,38,,,,,,,,,,,,23300,10147,,,,,,,,,,,,,,,,,,,,,,,,,,,,,,,,,,,,"10",,,,,,,13,,,,,,,
,47,,,,2023,96,,10400000,13,7,,,,,244,,,,,,,,,,,,,,,,,,,,,,,,,,,,38,,,,,,,,,,,,23600,10248,,,,,,,,,,,,,,,,,,,,,,,,,,,,,,,,,,,,"10",,,,,,,13,,,,,,,
,48,,,,2040,96,,10700000,13,7,,,,,247,,,,,,,,,,,,,,,,,,,,,,,,,,,,38,,,,,,,,,,,,23900,10349,,,,,,,,,,,,,,,,,,,,,,,,,,,,,,,,,,,,"10",,,,,,,13,,,,,,,
,49,,,,2057,96,,11000000,13,7,,,,,251,,,,,,,,,,,,,,,,,,,,,,,,,,,,38,,,,,,,,,,,,24200,10466,,,,,,,,,,,,,,,,,,,,,,,,,,,,,,,,,,,,"10",,,,,,,13,,,,,,,
,50,,,,2074,108,,11400000,13,7,,,,,254,,,,,,,,,,,,,,,,,,,,,,,,,,,,40,,,,,,,,,,,,25000,10701,,,,,,,,,,,,,,,,,,,,,,,,,,,,,,,,,,,,"11",,,,,,,13,,,,,,,
,51,,,,2091,108,,11800000,14,8,,,,,258,,,,,,,,,,,,,,,,,,,,,,,,,,,,40,,,,,,,,,,,,25300,10819,,,,,,,,,,,,,,,,,,,,,,,,,,,,,,,,,,,,"11",,,,,,,14,,,,,,,
,52,,,,2108,108,,12200000,14,8,,,,,261,,,,,,,,,,,,,,,,,,,,,,,,,,,,40,,,,,,,,,,,,25600,10922,,,,,,,,,,,,,,,,,,,,,,,,,,,,,,,,,,,,"11",,,,,,,14,,,,,,,
,53,,,,2125,108,,12600000,14,8,,,,,264,,,,,,,,,,,,,,,,,,,,,,,,,,,,40,,,,,,,,,,,,25900,11024,,,,,,,,,,,,,,,,,,,,,,,,,,,,,,,,,,,,"11",,,,,,,14,,,,,,,
,54,,,,2142,108,,13000000,14,8,,,,,268,,,,,,,,,,,,,,,,,,,,,,,,,,,,40,,,,,,,,,,,,26200,11142,,,,,,,,,,,,,,,,,,,,,,,,,,,,,,,,,,,,"11",,,,,,,14,,,,,,,
,55,,,,2159,120,,13400000,14,8,,,,,271,,,,,,,,,,,,,,,,,,,,,,,,,,,,42,,,,,,,,,,,,27000,11385,,,,,,,,,,,,,,,,,,,,,,,,,,,,,,,,,,,,"12",,,,,,,14,,,,,,,
,56,,,,2176,120,,13800000,14,8,,,,,274,,,,,,,,,,,,,,,,,,,,,,,,,,,,42,,,,,,,,,,,,27300,11489,,,,,,,,,,,,,,,,,,,,,,,,,,,,,,,,,,,,"12",,,,,,,15,,,,,,,
,57,,,,2193,120,,14200000,14,8,,,,,276,,,,,,,,,,,,,,,,,,,,,,,,,,,,42,,,,,,,,,,,,27600,11577,,,,,,,,,,,,,,,,,,,,,,,,,,,,,,,,,,,,"12",,,,,,,15,,,,,,,
,58,,,,2210,120,,14600000,14,8,,,,,279,,,,,,,,,,,,,,,,,,,,,,,,,,,,42,,,,,,,,,,,,27900,11680,,,,,,,,,,,,,,,,,,,,,,,,,,,,,,,,,,,,"12",,,,,,,15,,,,,,,
,59,,,,2227,120,,15000000,14,8,,,,,281,,,,,,,,,,,,,,,,,,,,,,,,,,,,42,,,,,,,,,,,,28200,11768,,,,,,,,,,,,,,,,,,,,,,,,,,,,,,,,,,,,"12",,,,,,,15,,,,,,,
,60,,,,2244,144,,15500000,14,8,,,,,284,,,,,,,,,,,,,,,,,,,,,,,,,,,,44,,,,,,,,,,,,29000,12018,,,,,,,,,,,,,,,,,,,,,,,,,,,,,,,,,,,,"13",,,,,,,15,,,,,,,
,61,,,,2261,144,,16000000,15,9,,,,,286,,,,,,,,,,,,,,,,,,,,,,,,,,,,44,,,,,,,,,,,,29300,12106,,,,,,,,,,,,,,,,,,,,,,,,,,,,,,,,,,,,"13",,,,,,,15,,,,,,,
,62,,,,2278,144,,16500000,15,9,,,,,289,,,,,,,,,,,,,,,,,,,,,,,,,,,,44,,,,,,,,,,,,29600,12211,,,,,,,,,,,,,,,,,,,,,,,,,,,,,,,,,,,,"13",,,,,,,15,,,,,,,
,63,,,,2295,144,,17000000,15,9,,,,,292,,,,,,,,,,,,,,,,,,,,,,,,,,,,44,,,,,,,,,,,,29900,12316,,,,,,,,,,,,,,,,,,,,,,,,,,,,,,,,,,,,"13",,,,,,,15,,,,,,,
,64,,,,2312,144,,17500000,15,9,,,,,294,,,,,,,,,,,,,,,,,,,,,,,,,,,,44,,,,,,,,,,,,30200,12405,,,,,,,,,,,,,,,,,,,,,,,,,,,,,,,,,,,,"13",,,,,,,15,,,,,,,
,65,,,,2329,168,,18000000,15,9,,,,,297,,,,,,,,,,,,,,,,,,,,,,,,,,,,46,,,,,,,,,,,,31000,12662,,,,,,,,,,,,,,,,,,,,,,,,,,,,,,,,,,,,"14",,,,,,,15,,,,,,,
,66,,,,2346,168,,18500000,16,10,,,,,299,,,,,,,,,,,,,,,,,,,,,,,,,,,,46,,,,,,,,,,,,31150,12752,,,,,,,,,,,,,,,,,,,,,,,,,,,,,,,,,,,,"14",,,,,,,15,,,,,,,
,67,,,,2363,168,,19000000,16,10,,,,,302,,,,,,,,,,,,,,,,,,,,,,,,,,,,46,,,,,,,,,,,,31300,12858,,,,,,,,,,,,,,,,,,,,,,,,,,,,,,,,,,,,"14",,,,,,,15,,,,,,,
,68,,,,2380,168,,19500000,16,10,,,,,304,,,,,,,,,,,,,,,,,,,,,,,,,,,,46,,,,,,,,,,,,31450,12948,,,,,,,,,,,,,,,,,,,,,,,,,,,,,,,,,,,,"14",,,,,,,15,,,,,,,
,69,,,,2397,180,,20000000,16,10,,,,,307,,,,,,,,,,,,,,,,,,,,,,,,,,,,46,,,,,,,,,,,,31600,13054,,,,,,,,,,,,,,,,,,,,,,,,,,,,,,,,,,,,"14",,,,,,,15,,,,,,,
,70,,,,2414,192,,20500000,16,10,,,,,309,,,,,,,,,,,,,,,,,,,,,,,,,,,,47,,,,,,,,,,,,32000,13302,,,,,,,,,,,,,,,,,,,,,,,,,,,,,,,,,,,,"15",,,,,,,15,,,,,,,
,71,,,,2431,192,,21000000,17,11,,,,,312,,,,,,,,,,,,,,,,,,,,,,,,,,,,47,,,,,,,,,,,,32150,13400,,,,,,,,,,,,,,,,,,,,,,,,,,,,,,,,,,,,"15",,,,,,,15,,,,,,,
,72,,,,2448,192,,21500000,17,11,,,,,315,,,,,,,,,,,,,,,,,,,,,,,,,,,,47,,,,,,,,,,,,32300,13500,,,,,,,,,,,,,,,,,,,,,,,,,,,,,,,,,,,,"15",,,,,,,15,,,,,,,
,73,,,,2465,192,,22000000,17,11,,,,,318,,,,,,,,,,,,,,,,,,,,,,,,,,,,47,,,,,,,,,,,,32450,13600,,,,,,,,,,,,,,,,,,,,,,,,,,,,,,,,,,,,"15",,,,,,,15,,,,,,,
,74,,,,2482,192,,22500000,17,11,,,,,321,,,,,,,,,,,,,,,,,,,,,,,,,,,,47,,,,,,,,,,,,32600,13700,,,,,,,,,,,,,,,,,,,,,,,,,,,,,,,,,,,,"15",,,,,,,15,,,,,,,
,75,,,,2499,192,,24000000,17,11,,,,,324,,,,,,,,,,,,,,,,,,,,,,,,,,,,48,,,,,,,,,,,,33000,14000,,,,,,,,,,,,,,,,,,,,,,,,,,,,,,,,,,,,"16",,,,,,,15,,,,,,,
,76,,,,2516,192,,25500000,18,12,,,,,327,,,,,,,,,,,,,,,,,,,,,,,,,,,,48,,,,,,,,,,,,33150,14100,,,,,,,,,,,,,,,,,,,,,,,,,,,,,,,,,,,,"16",,,,,,,15,,,,,,,
,77,,,,2533,192,,27000000,18,12,,,,,330,,,,,,,,,,,,,,,,,,,,,,,,,,,,48,,,,,,,,,,,,33300,14200,,,,,,,,,,,,,,,,,,,,,,,,,,,,,,,,,,,,"16",,,,,,,15,,,,,,,
,78,,,,2550,192,,28500000,18,12,,,,,333,,,,,,,,,,,,,,,,,,,,,,,,,,,,48,,,,,,,,,,,,33450,14300,,,,,,,,,,,,,,,,,,,,,,,,,,,,,,,,,,,,"16",,,,,,,15,,,,,,,
,79,,,,2567,192,,30000000,18,12,,,,,336,,,,,,,,,,,,,,,,,,,,,,,,,,,,48,,,,,,,,,,,,33600,14400,,,,,,,,,,,,,,,,,,,,,,,,,,,,,,,,,,,,"16",,,,,,,15,,,,,,,
,80,,,,2584,,,,18,12,,,,,339,,,,,,,,,,,,,,,,,,,,,,,,,,,,48,,,,,,,,,,,,34000,14500,,,,,,,,,,,,,,,,,,,,,,,,,,,,,,,,,,,,"17",,,,,,,15,,,,,,,
"Warmachine",1,"TID_WARMACHINE","TID_HERO_INSTRUCTIONS_WARMACHINE",200,3000,12,"Elixir2",1000000,5,0,125,,1200,,125,1,,"sc/ui.sc","icon_hero_warmachine","unit_warmachine_big","sc/info_warmachine.sc",,,,,,,,,,,"FALSE","FALSE","TRUE","FALSE",,,,,900,25,,0,,"Elixir2",,"Warmachine Scream",-30,-40,300,,"TID_HERO_ABILITY_WARMACHINE_DESC","icon_hero_warmachine_ability1","unit_warmachine_ability_big",38,0,1200,,,,,,,,,,,,,,,,,,,,,,,2100,2500,,-50,"TRUE",1,"TRUE",,"WarmachineDefault",,"M",,,"TRUE",2,,,,,,,,,,,,"TRUE"
,2,,,,3070,12,,1100000,5,,,,,,127,,,,,,,,,,,,,,,,,,,,,,,,,,,,,,,,,,,,,,,,40,0,,,,,,,,,,,,,,,,,,,,,,,,,,,,,,,,,,,,,,,,,,,,,,,,,,
,3,,,,3140,24,,1200000,5,,,,,,130,,,,,,,,,,,,,,,,,,,,,,,,,,,,,,,,,,,,,,,,41,0,,,,,,,,,,,,,,,,,,,,,,,,,,,,,,,,,,,,,,,,,,,,,,,,,,
,4,,,,3210,24,,1300000,5,,,,,,132,,,,,,,,,,,,,,,,,,,,,,,,,,,,,,,,,,,,,,,,42,0,,,,,,,,,,,,,,,,,,,,,,,,,,,,,,,,,,,,,,,,,,,,,,,,,,
,5,,,,3280,36,,1500000,5,,,,,,135,,,,,,,,,,,,,,,,,,,,,,,,,,,,,,,,,,,,,,,,47,0,,,,,,,,,,,,,,,,,,,,,,,,,,,,,,,,,,,"Battle Machine Electric Hammer 1;Battle Machine Electric Hammer 2;Battle Machine Electric Hammer 3","1;1;1",,,,,,,,,,,,,,
,6,,,,3350,36,,1600000,6,,,,,,137,,,,,,,,,,,,,,,,,,,,,,,,,,,,,,,,,,,,,,,,48,0,,,,,,,,,,,,,,,,,,,,,,,,,,,,,,,,,,,,"1;1;1",,,,,,,,,,,,,,
,7,,,,3420,48,,1700000,6,,,,,,140,,,,,,,,,,,,,,,,,,,,,,,,,,,,,,,,,,,,,,,,50,0,,,,,,,,,,,,,,,,,,,,,,,,,,,,,,,,,,,,"1;1;1",,,,,,,,,,,,,,
,8,,,,3490,48,,1800000,6,,,,,,142,,,,,,,,,,,,,,,,,,,,,,,,,,,,,,,,,,,,,,,,51,0,,,,,,,,,,,,,,,,,,,,,,,,,,,,,,,,,,,,"1;1;1",,,,,,,,,,,,,,
,9,,,,3560,60,,1900000,6,,,,,,145,,,,,,,,,,,,,,,,,,,,,,,,,,,,,,,,,,,,,,,,53,0,,,,,,,,,,,,,,,,,,,,,,,,,,,,,,,,,,,,"1;1;1",,,,,,,,,,,,,,
,10,,,,3630,60,,2100000,6,,,,,,147,,,,,,,,,,,,,,,,,,,,,,,,,,,,,,,,,,,,,,,,59,0,,,,,,,,,,,,,,,,,,,,,,,,,,,,,,,,,,,,"2;2;2",,,,,,,,,,,,,,
,11,,,,3700,72,,2200000,7,,,,,,150,,,,,,,,,,,,,,,,,,,,,,,,,,,,,,,,,,,,,,,,61,0,,,,,,,,,,,,,,,,,,,,,,,,,,,,,,,,,,,,"2;2;2",,,,,,,,,,,,,,
,12,,,,3770,72,,2300000,7,,,,,,154,,,,,,,,,,,,,,,,,,,,,,,,,,,,,,,,,,,,,,,,62,0,,,,,,,,,,,,,,,,,,,,,,,,,,,,,,,,,,,,"2;2;2",,,,,,,,,,,,,,
,13,,,,3840,84,,2400000,7,,,,,,157,,,,,,,,,,,,,,,,,,,,,,,,,,,,,,,,,,,,,,,,64,0,,,,,,,,,,,,,,,,,,,,,,,,,,,,,,,,,,,,"2;2;2",,,,,,,,,,,,,,
,14,,,,3910,84,,2500000,7,,,,,,160,,,,,,,,,,,,,,,,,,,,,,,,,,,,,,,,,,,,,,,,66,0,,,,,,,,,,,,,,,,,,,,,,,,,,,,,,,,,,,,"2;2;2",,,,,,,,,,,,,,
,15,,,,3980,96,,2600000,7,,,,,,164,,,,,,,,,,,,,,,,,,,,,,,,,,,,,,,,,,,,,,,,73,0,,,,,,,,,,,,,,,,,,,,,,,,,,,,,,,,,,,,"3;3;3",,,,,,,,,,,,,,
,16,,,,4050,96,,2700000,7,,,,,,167,,,,,,,,,,,,,,,,,,,,,,,,,,,,,,,,,,,,,,,,75,0,,,,,,,,,,,,,,,,,,,,,,,,,,,,,,,,,,,,"3;3;3",,,,,,,,,,,,,,
,17,,,,4120,96,,2800000,7,,,,,,170,,,,,,,,,,,,,,,,,,,,,,,,,,,,,,,,,,,,,,,,77,0,,,,,,,,,,,,,,,,,,,,,,,,,,,,,,,,,,,,"3;3;3",,,,,,,,,,,,,,
,18,,,,4190,96,,2900000,7,,,,,,174,,,,,,,,,,,,,,,,,,,,,,,,,,,,,,,,,,,,,,,,80,0,,,,,,,,,,,,,,,,,,,,,,,,,,,,,,,,,,,,"3;3;3",,,,,,,,,,,,,,
,19,,,,4260,96,,3000000,7,,,,,,177,,,,,,,,,,,,,,,,,,,,,,,,,,,,,,,,,,,,,,,,83,0,,,,,,,,,,,,,,,,,,,,,,,,,,,,,,,,,,,,"3;3;3",,,,,,,,,,,,,,
,20,,,,4330,120,,3100000,7,,,,,,180,,,,,,,,,,,,,,,,,,,,,,,,,,,,,,,,,,,,,,,,91,0,,,,,,,,,,,,,,,,,,,,,,,,,,,,,,,,,,,,"4;4;4",,,,,,,,,,,,,,
,21,,,,4400,120,,3200000,8,,,,,,186,,,,,,,,,,,,,,,,,,,,,,,,,,,,,,,,,,,,,,,,94,0,,,,,,,,,,,,,,,,,,,,,,,,,,,,,,,,,,,,"4;4;4",,,,,,,,,,,,,,
,22,,,,4470,120,,3300000,8,,,,,,192,,,,,,,,,,,,,,,,,,,,,,,,,,,,,,,,,,,,,,,,96,0,,,,,,,,,,,,,,,,,,,,,,,,,,,,,,,,,,,,"4;4;4",,,,,,,,,,,,,,
,23,,,,4540,120,,3400000,8,,,,,,198,,,,,,,,,,,,,,,,,,,,,,,,,,,,,,,,,,,,,,,,100,0,,,,,,,,,,,,,,,,,,,,,,,,,,,,,,,,,,,,"4;4;4",,,,,,,,,,,,,,
,24,,,,4610,120,,3500000,8,,,,,,204,,,,,,,,,,,,,,,,,,,,,,,,,,,,,,,,,,,,,,,,104,0,,,,,,,,,,,,,,,,,,,,,,,,,,,,,,,,,,,,"4;4;4",,,,,,,,,,,,,,
,25,,,,4680,144,,3600000,8,,,,,,210,,,,,,,,,,,,,,,,,,,,,,,,,,,,,,,,,,,,,,,,113,0,,,,,,,,,,,,,,,,,,,,,,,,,,,,,,,,,,,,"5;5;5",,,,,,,,,,,,,,
,26,,,,4750,144,,3700000,9,,,,,,218,,,,,,,,,,,,,,,,,,,,,,,,,,,,,,,,,,,,,,,,116,0,,,,,,,,,,,,,,,,,,,,,,,,,,,,,,,,,,,,"5;5;5",,,,,,,,,,,,,,
,27,,,,4820,144,,3800000,9,,,,,,226,,,,,,,,,,,,,,,,,,,,,,,,,,,,,,,,,,,,,,,,120,0,,,,,,,,,,,,,,,,,,,,,,,,,,,,,,,,,,,,"5;5;5",,,,,,,,,,,,,,
,28,,,,4890,144,,3900000,9,,,,,,234,,,,,,,,,,,,,,,,,,,,,,,,,,,,,,,,,,,,,,,,124,0,,,,,,,,,,,,,,,,,,,,,,,,,,,,,,,,,,,,"5;5;5",,,,,,,,,,,,,,
,29,,,,4960,144,,4000000,9,,,,,,242,,,,,,,,,,,,,,,,,,,,,,,,,,,,,,,,,,,,,,,,127,0,,,,,,,,,,,,,,,,,,,,,,,,,,,,,,,,,,,,"5;5;5",,,,,,,,,,,,,,
,30,,,,5030,168,,4100000,9,,,,,,250,,,,,,,,,,,,,,,,,,,,,,,,,,,,,,,,,,,,,,,,137,0,,,,,,,,,,,,,,,,,,,,,,,,,,,,,,,,,,,,"6;6;6",,,,,,,,,,,,,,
,31,,,,5100,168,,4200000,10,,,,,,258,,,,,,,,,,,,,,,,,,,,,,,,,,,,,,,,,,,,,,,,140,0,,,,,,,,,,,,,,,,,,,,,,,,,,,,,,,,,,,,"6;6;6",,,,,,,,,,,,,,
,32,,,,5170,168,,4300000,10,,,,,,266,,,,,,,,,,,,,,,,,,,,,,,,,,,,,,,,,,,,,,,,143,0,,,,,,,,,,,,,,,,,,,,,,,,,,,,,,,,,,,,"6;6;6",,,,,,,,,,,,,,
,33,,,,5240,168,,4400000,10,,,,,,274,,,,,,,,,,,,,,,,,,,,,,,,,,,,,,,,,,,,,,,,146,0,,,,,,,,,,,,,,,,,,,,,,,,,,,,,,,,,,,,"6;6;6",,,,,,,,,,,,,,
,34,,,,5310,168,,4500000,10,,,,,,282,,,,,,,,,,,,,,,,,,,,,,,,,,,,,,,,,,,,,,,,149,0,,,,,,,,,,,,,,,,,,,,,,,,,,,,,,,,,,,,"6;6;6",,,,,,,,,,,,,,
,35,,,,5380,,,,10,,,,,,290,,,,,,,,,,,,,,,,,,,,,,,,,,,,,,,,,,,,,,,,160,0,,,,,,,,,,,,,,,,,,,,,,,,,,,,,,,,,,,,"7;7;7",,,,,,,,,,,,,,
"Warrior Princess",1,"TID_HERO_ROYAL_CHAMPION","TID_HERO_INSTRUCTIONS_ROYAL_CHAMPION",300,2508,4,"DarkElixir",10000,13,7,300,,1200,,340,,,"sc/ui.sc","icon_hero_warriorPrincess","unit_royal_champion_big","sc/info_royal_champion.sc","icon_hero_warriorPrincess_profile","sc/ui.sc","hero_art_rc","sc/ui.sc","AmazonQueen_javelin",,"Hero Deploy",,,"AmazonQ ability hit","FALSE","TRUE","TRUE","TRUE",,,,,1000,25,23,30,,"Elixir",,"Warrior Princess Scream",,,300,,"TID_HERO_ABILITY_ROYAL_CHAMPION_DESC","icon_hero_warriorPrincess_ability1","unit_royal_champion_ability_big",20000,5218,1200,,,,,,,,,,,,,"Defense",,,,,,,,,,2100,1000,,-50,"TRUE",,,,"WarriorPrincessDefault",400,"F","RoyalChampionAbilityHeal","1","TRUE",,"HeroRoyalChampion",,2,"Seeking Shield; Protective Cloak;",1,"sc/buildings.sc","RC_rally_point","RC_rally_point_base","rc",,"ForceMoveRC","TRUE"
,2,,,,2550,10,,15000,13,7,,,,,350,,,,,,,,,,,,,,,,,,,,,,,,,,,,30,,,,,,,,,,,,21000,5332,,,,,,,,,,,,,,,,,,,,,,,,,,,,,,,,,,,,"1",,,,,,,1,,,,,,,
,3,,,,2593,12,,20000,13,7,,,,,360,,,,,,,,,,,,,,,,,,,,,,,,,,,,30,,,,,,,,,,,,22000,5447,,,,,,,,,,,,,,,,,,,,,,,,,,,,,,,,,,,,"1",,,,,,,2,,,,,,,
,4,,,,2635,20,,25000,13,7,,,,,370,,,,,,,,,,,,,,,,,,,,,,,,,,,,30,,,,,,,,,,,,23000,5561,,,,,,,,,,,,,,,,,,,,,,,,,,,,,,,,,,,,"1",,,,,,,3,,,,,,,
,5,,,,2678,24,,30000,13,7,,,,,375,,,,,,,,,,,,,,,,,,,,,,,,,,,,32,,,,,,,,,,,,25000,6010,,,,,,,,,,,,,,,,,,,,,,,,,,,,,,,,,,,,"2",,,,,,,4,,,,,,,
,6,,,,2720,24,,35000,13,7,,,,,380,,,,,,,,,,,,,,,,,,,,,,,,,,,,32,,,,,,,,,,,,26000,6098,,,,,,,,,,,,,,,,,,,,,,,,,,,,,,,,,,,,"2",,,,,,,5,,,,,,,
,7,,,,2763,24,,40000,13,7,,,,,385,,,,,,,,,,,,,,,,,,,,,,,,,,,,32,,,,,,,,,,,,27000,6188,,,,,,,,,,,,,,,,,,,,,,,,,,,,,,,,,,,,"2",,,,,,,5,,,,,,,
,8,,,,2805,24,,45000,13,7,,,,,390,,,,,,,,,,,,,,,,,,,,,,,,,,,,32,,,,,,,,,,,,28000,6277,,,,,,,,,,,,,,,,,,,,,,,,,,,,,,,,,,,,"2",,,,,,,6,,,,,,,
,9,,,,2848,24,,50000,13,7,,,,,396,,,,,,,,,,,,,,,,,,,,,,,,,,,,32,,,,,,,,,,,,29000,6373,,,,,,,,,,,,,,,,,,,,,,,,,,,,,,,,,,,,"2",,,,,,,6,,,,,,,
,10,,,,2890,24,,53000,13,7,,,,,402,,,,,,,,,,,,,,,,,,,,,,,,,,,,34,,,,,,,,,,,,31000,6860,,,,,,,,,,,,,,,,,,,,,,,,,,,,,,,,,,,,"3",,,,,,,7,,,,,,,
,11,,,,2933,24,,56000,13,7,,,,,408,,,,,,,,,,,,,,,,,,,,,,,,,,,,34,,,,,,,,,,,,32000,6962,,,,,,,,,,,,,,,,,,,,,,,,,,,,,,,,,,,,"3",,,,,,,7,,,,,,,
,12,,,,2975,24,,59000,13,7,,,,,414,,,,,,,,,,,,,,,,,,,,,,,,,,,,34,,,,,,,,,,,,33000,7063,,,,,,,,,,,,,,,,,,,,,,,,,,,,,,,,,,,,"3",,,,,,,8,,,,,,,
,13,,,,3018,24,,62000,13,7,,,,,420,,,,,,,,,,,,,,,,,,,,,,,,,,,,34,,,,,,,,,,,,34000,7165,,,,,,,,,,,,,,,,,,,,,,,,,,,,,,,,,,,,"3",,,,,,,8,,,,,,,
,14,,,,3060,24,,65000,13,7,,,,,426,,,,,,,,,,,,,,,,,,,,,,,,,,,,34,,,,,,,,,,,,35000,7266,,,,,,,,,,,,,,,,,,,,,,,,,,,,,,,,,,,,"3",,,,,,,8,,,,,,,
,15,,,,3103,36,,70000,13,7,,,,,432,,,,,,,,,,,,,,,,,,,,,,,,,,,,36,,,,,,,,,,,,36000,7789,,,,,,,,,,,,,,,,,,,,,,,,,,,,,,,,,,,,"4",,,,,,,9,,,,,,,
,16,,,,3145,36,,75000,13,7,,,,,438,,,,,,,,,,,,,,,,,,,,,,,,,,,,36,,,,,,,,,,,,37000,7896,,,,,,,,,,,,,,,,,,,,,,,,,,,,,,,,,,,,"4",,,,,,,9,,,,,,,
,17,,,,3188,36,,80000,13,7,,,,,444,,,,,,,,,,,,,,,,,,,,,,,,,,,,36,,,,,,,,,,,,38000,8004,,,,,,,,,,,,,,,,,,,,,,,,,,,,,,,,,,,,"4",,,,,,,9,,,,,,,
,18,,,,3230,36,,85000,13,7,,,,,448,,,,,,,,,,,,,,,,,,,,,,,,,,,,36,,,,,,,,,,,,39000,8096,,,,,,,,,,,,,,,,,,,,,,,,,,,,,,,,,,,,"4",,,,,,,10,,,,,,,
,19,,,,3273,36,,90000,13,7,,,,,452,,,,,,,,,,,,,,,,,,,,,,,,,,,,36,,,,,,,,,,,,40000,8189,,,,,,,,,,,,,,,,,,,,,,,,,,,,,,,,,,,,"4",,,,,,,11,,,,,,,
,20,,,,3315,48,,95000,13,7,,,,,456,,,,,,,,,,,,,,,,,,,,,,,,,,,,38,,,,,,,,,,,,41000,8728,,,,,,,,,,,,,,,,,,,,,,,,,,,,,,,,,,,,"5",,,,,,,12,,,,,,,
,21,,,,3349,48,,100000,13,7,,,,,460,,,,,,,,,,,,,,,,,,,,,,,,,,,,38,,,,,,,,,,,,41500,8812,,,,,,,,,,,,,,,,,,,,,,,,,,,,,,,,,,,,"5",,,,,,,12,,,,,,,
,22,,,,3383,48,,105000,13,7,,,,,465,,,,,,,,,,,,,,,,,,,,,,,,,,,,38,,,,,,,,,,,,42000,8904,,,,,,,,,,,,,,,,,,,,,,,,,,,,,,,,,,,,"5",,,,,,,12,,,,,,,
,23,,,,3417,48,,110000,13,7,,,,,470,,,,,,,,,,,,,,,,,,,,,,,,,,,,38,,,,,,,,,,,,42500,8996,,,,,,,,,,,,,,,,,,,,,,,,,,,,,,,,,,,,"5",,,,,,,12,,,,,,,
,24,,,,3451,48,,115000,13,7,,,,,474,,,,,,,,,,,,,,,,,,,,,,,,,,,,38,,,,,,,,,,,,43000,9081,,,,,,,,,,,,,,,,,,,,,,,,,,,,,,,,,,,,"5",,,,,,,12,,,,,,,
,25,,,,3485,72,,120000,13,7,,,,,477,,,,,,,,,,,,,,,,,,,,,,,,,,,,40,,,,,,,,,,,,44000,9627,,,,,,,,,,,,,,,,,,,,,,,,,,,,,,,,,,,,"6",,,,,,,13,,,,,,,
,26,,,,3519,72,,125000,14,8,,,,,480,,,,,,,,,,,,,,,,,,,,,,,,,,,,40,,,,,,,,,,,,44500,9707,,,,,,,,,,,,,,,,,,,,,,,,,,,,,,,,,,,,"6",,,,,,,13,,,,,,,
,27,,,,3553,72,,130000,14,8,,,,,483,,,,,,,,,,,,,,,,,,,,,,,,,,,,40,,,,,,,,,,,,45000,9788,,,,,,,,,,,,,,,,,,,,,,,,,,,,,,,,,,,,"6",,,,,,,14,,,,,,,
,28,,,,3587,72,,135000,14,8,,,,,486,,,,,,,,,,,,,,,,,,,,,,,,,,,,40,,,,,,,,,,,,45500,9868,,,,,,,,,,,,,,,,,,,,,,,,,,,,,,,,,,,,"6",,,,,,,14,,,,,,,
,29,,,,3621,72,,140000,14,8,,,,,489,,,,,,,,,,,,,,,,,,,,,,,,,,,,40,,,,,,,,,,,,46000,9948,,,,,,,,,,,,,,,,,,,,,,,,,,,,,,,,,,,,"6",,,,,,,14,,,,,,,
,30,,,,3655,96,,145000,14,8,,,,,492,,,,,,,,,,,,,,,,,,,,,,,,,,,,42,,,,,,,,,,,,47000,10518,,,,,,,,,,,,,,,,,,,,,,,,,,,,,,,,,,,,"7",,,,,,,15,,,,,,,
,31,,,,3681,96,,150000,15,9,,,,,495,,,,,,,,,,,,,,,,,,,,,,,,,,,,42,,,,,,,,,,,,47100,10588,,,,,,,,,,,,,,,,,,,,,,,,,,,,,,,,,,,,"7",,,,,,,15,,,,,,,
,32,,,,3706,96,,155000,15,9,,,,,498,,,,,,,,,,,,,,,,,,,,,,,,,,,,42,,,,,,,,,,,,47200,10657,,,,,,,,,,,,,,,,,,,,,,,,,,,,,,,,,,,,"7",,,,,,,15,,,,,,,
,33,,,,3732,96,,160000,15,9,,,,,502,,,,,,,,,,,,,,,,,,,,,,,,,,,,42,,,,,,,,,,,,47300,10736,,,,,,,,,,,,,,,,,,,,,,,,,,,,,,,,,,,,"7",,,,,,,15,,,,,,,
,34,,,,3757,96,,165000,15,9,,,,,506,,,,,,,,,,,,,,,,,,,,,,,,,,,,42,,,,,,,,,,,,47400,10814,,,,,,,,,,,,,,,,,,,,,,,,,,,,,,,,,,,,"7",,,,,,,15,,,,,,,
,35,,,,3783,120,,170000,15,9,,,,,510,,,,,,,,,,,,,,,,,,,,,,,,,,,,44,,,,,,,,,,,,48000,11399,,,,,,,,,,,,,,,,,,,,,,,,,,,,,,,,,,,,"8",,,,,,,15,,,,,,,
,36,,,,3808,120,,175000,15,9,,,,,514,,,,,,,,,,,,,,,,,,,,,,,,,,,,44,,,,,,,,,,,,48100,11480,,,,,,,,,,,,,,,,,,,,,,,,,,,,,,,,,,,,"8",,,,,,,15,,,,,,,
,37,,,,3834,120,,180000,15,9,,,,,518,,,,,,,,,,,,,,,,,,,,,,,,,,,,44,,,,,,,,,,,,48200,11563,,,,,,,,,,,,,,,,,,,,,,,,,,,,,,,,,,,,"8",,,,,,,15,,,,,,,
,38,,,,3859,120,,200000,15,9,,,,,522,,,,,,,,,,,,,,,,,,,,,,,,,,,,44,,,,,,,,,,,,48300,11644,,,,,,,,,,,,,,,,,,,,,,,,,,,,,,,,,,,,"8",,,,,,,15,,,,,,,
,39,,,,3885,120,,220000,15,9,,,,,526,,,,,,,,,,,,,,,,,,,,,,,,,,,,44,,,,,,,,,,,,48400,11727,,,,,,,,,,,,,,,,,,,,,,,,,,,,,,,,,,,,"8",,,,,,,15,,,,,,,
,40,,,,3910,120,,240000,15,9,,,,,530,,,,,,,,,,,,,,,,,,,,,,,,,,,,46,,,,,,,,,,,,49000,12333,,,,,,,,,,,,,,,,,,,,,,,,,,,,,,,,,,,,"9",,,,,,,15,,,,,,,
,41,,,,3936,144,,260000,16,10,,,,,533,,,,,,,,,,,,,,,,,,,,,,,,,,,,46,,,,,,,,,,,,49100,12410,,,,,,,,,,,,,,,,,,,,,,,,,,,,,,,,,,,,"9",,,,,,,15,,,,,,,
,42,,,,3961,156,,280000,16,10,,,,,536,,,,,,,,,,,,,,,,,,,,,,,,,,,,46,,,,,,,,,,,,49200,12485,,,,,,,,,,,,,,,,,,,,,,,,,,,,,,,,,,,,"9",,,,,,,15,,,,,,,
,43,,,,3987,168,,300000,16,10,,,,,539,,,,,,,,,,,,,,,,,,,,,,,,,,,,46,,,,,,,,,,,,49300,12562,,,,,,,,,,,,,,,,,,,,,,,,,,,,,,,,,,,,"9",,,,,,,15,,,,,,,
,44,,,,4012,180,,320000,16,10,,,,,542,,,,,,,,,,,,,,,,,,,,,,,,,,,,46,,,,,,,,,,,,49400,12637,,,,,,,,,,,,,,,,,,,,,,,,,,,,,,,,,,,,"9",,,,,,,15,,,,,,,
,45,,,,4038,192,,340000,16,10,,,,,545,,,,,,,,,,,,,,,,,,,,,,,,,,,,48,,,,,,,,,,,,50000,13255,,,,,,,,,,,,,,,,,,,,,,,,,,,,,,,,,,,,"10",,,,,,,15,,,,,,,
,46,,,,4064,192,,350000,17,11,,,,,548,,,,,,,,,,,,,,,,,,,,,,,,,,,,48,,,,,,,,,,,,50100,13350,,,,,,,,,,,,,,,,,,,,,,,,,,,,,,,,,,,,"10",,,,,,,15,,,,,,,
,47,,,,4090,192,,360000,17,11,,,,,551,,,,,,,,,,,,,,,,,,,,,,,,,,,,48,,,,,,,,,,,,50200,13440,,,,,,,,,,,,,,,,,,,,,,,,,,,,,,,,,,,,"10",,,,,,,15,,,,,,,
,48,,,,4116,192,,370000,17,11,,,,,554,,,,,,,,,,,,,,,,,,,,,,,,,,,,48,,,,,,,,,,,,50300,13530,,,,,,,,,,,,,,,,,,,,,,,,,,,,,,,,,,,,"10",,,,,,,15,,,,,,,
,49,,,,4142,192,,380000,17,11,,,,,557,,,,,,,,,,,,,,,,,,,,,,,,,,,,48,,,,,,,,,,,,50400,13620,,,,,,,,,,,,,,,,,,,,,,,,,,,,,,,,,,,,"10",,,,,,,15,,,,,,,
,50,,,,4168,192,,400000,17,11,,,,,560,,,,,,,,,,,,,,,,,,,,,,,,,,,,48,,,,,,,,,,,,51000,14200,,,,,,,,,,,,,,,,,,,,,,,,,,,,,,,,,,,,"11",,,,,,,15,,,,,,,
,51,,,,4194,192,,410000,18,12,,,,,563,,,,,,,,,,,,,,,,,,,,,,,,,,,,48,,,,,,,,,,,,51100,14300,,,,,,,,,,,,,,,,,,,,,,,,,,,,,,,,,,,,"11",,,,,,,15,,,,,,,
,52,,,,4220,192,,420000,18,12,,,,,566,,,,,,,,,,,,,,,,,,,,,,,,,,,,48,,,,,,,,,,,,51200,14400,,,,,,,,,,,,,,,,,,,,,,,,,,,,,,,,,,,,"11",,,,,,,15,,,,,,,
,53,,,,4246,192,,430000,18,12,,,,,569,,,,,,,,,,,,,,,,,,,,,,,,,,,,48,,,,,,,,,,,,51300,14500,,,,,,,,,,,,,,,,,,,,,,,,,,,,,,,,,,,,"11",,,,,,,15,,,,,,,
,54,,,,4272,192,,450000,18,12,,,,,572,,,,,,,,,,,,,,,,,,,,,,,,,,,,48,,,,,,,,,,,,51400,14600,,,,,,,,,,,,,,,,,,,,,,,,,,,,,,,,,,,,"11",,,,,,,15,,,,,,,
,55,,,,4298,,,,18,12,,,,,575,,,,,,,,,,,,,,,,,,,,,,,,,,,,48,,,,,,,,,,,,52000,14700,,,,,,,,,,,,,,,,,,,,,,,,,,,,,,,,,,,,"12",,,,,,,15,,,,,,,
"Battle Copter",15,"TID_HERO_BATTLE_COPTER","TID_HERO_INFO_BATTLE_COPTER",180,2857,120,"Elixir2",2600000,8,0,600,,650,,112,1,,"sc/ui.sc","icon_hero_battlecopter","unit_battlecopter_big","sc/info_battlecopter.sc",,,,,"BattleCopterProjectile",,,,,,"TRUE","TRUE","TRUE","FALSE",,,,,900,25,,0,,"Elixir2",,"Warmachine Scream",-100,-100,300,,"TID_HERO_ABILITY_BATTLE_COPTER_DESC","icon_hero_battlecopter_ability1","unit_battlecopter_ability_big",66,0,1200,,,,,,,,,,,,,,,,,,,,,,,2100,2500,,100,"TRUE",1,"TRUE",,"BattleCopterDefault",,"M","Battle Copter Dive 1;Battle Copter Dive 2;Battle Copter Dive 3","1;1;1","TRUE",2,,,,,,,,,,,,"TRUE"
,16,,,,2885,120,,2700000,8,,,,,,116,,,,,,,,,,,,,,,,,,,,,,,,,,,,,,,,,,,,,,,,69,0,,,,,,,,,,,,,,,,,,,,,,,,,,,,,,,,,,,,"1;1;1",,,,,,,,,,,,,,
,17,,,,2915,120,,2800000,8,,,,,,119,,,,,,,,,,,,,,,,,,,,,,,,,,,,,,,,,,,,,,,,71,0,,,,,,,,,,,,,,,,,,,,,,,,,,,,,,,,,,,,"1;1;1",,,,,,,,,,,,,,
,18,,,,2943,120,,2900000,8,,,,,,123,,,,,,,,,,,,,,,,,,,,,,,,,,,,,,,,,,,,,,,,74,0,,,,,,,,,,,,,,,,,,,,,,,,,,,,,,,,,,,,"1;1;1",,,,,,,,,,,,,,
,19,,,,2972,120,,3000000,8,,,,,,126,,,,,,,,,,,,,,,,,,,,,,,,,,,,,,,,,,,,,,,,76,0,,,,,,,,,,,,,,,,,,,,,,,,,,,,,,,,,,,,"1;1;1",,,,,,,,,,,,,,
,20,,,,3003,120,,3100000,8,,,,,,130,,,,,,,,,,,,,,,,,,,,,,,,,,,,,,,,,,,,,,,,86,0,,,,,,,,,,,,,,,,,,,,,,,,,,,,,,,,,,,,"2;2;2",,,,,,,,,,,,,,
,21,,,,3032,120,,3200000,8,,,,,,134,,,,,,,,,,,,,,,,,,,,,,,,,,,,,,,,,,,,,,,,88,0,,,,,,,,,,,,,,,,,,,,,,,,,,,,,,,,,,,,"2;2;2",,,,,,,,,,,,,,
,22,,,,3062,120,,3300000,8,,,,,,137,,,,,,,,,,,,,,,,,,,,,,,,,,,,,,,,,,,,,,,,91,0,,,,,,,,,,,,,,,,,,,,,,,,,,,,,,,,,,,,"2;2;2",,,,,,,,,,,,,,
,23,,,,3094,120,,3400000,8,,,,,,141,,,,,,,,,,,,,,,,,,,,,,,,,,,,,,,,,,,,,,,,95,0,,,,,,,,,,,,,,,,,,,,,,,,,,,,,,,,,,,,"2;2;2",,,,,,,,,,,,,,
,24,,,,3124,120,,3500000,8,,,,,,144,,,,,,,,,,,,,,,,,,,,,,,,,,,,,,,,,,,,,,,,98,0,,,,,,,,,,,,,,,,,,,,,,,,,,,,,,,,,,,,"2;2;2",,,,,,,,,,,,,,
,25,,,,3155,144,,3600000,8,,,,,,148,,,,,,,,,,,,,,,,,,,,,,,,,,,,,,,,,,,,,,,,108,0,,,,,,,,,,,,,,,,,,,,,,,,,,,,,,,,,,,,"3;3;3",,,,,,,,,,,,,,
,26,,,,3187,144,,3700000,9,,,,,,153,,,,,,,,,,,,,,,,,,,,,,,,,,,,,,,,,,,,,,,,112,0,,,,,,,,,,,,,,,,,,,,,,,,,,,,,,,,,,,,"3;3;3",,,,,,,,,,,,,,
,27,,,,3220,144,,3800000,9,,,,,,157,,,,,,,,,,,,,,,,,,,,,,,,,,,,,,,,,,,,,,,,116,0,,,,,,,,,,,,,,,,,,,,,,,,,,,,,,,,,,,,"3;3;3",,,,,,,,,,,,,,
,28,,,,3252,144,,3900000,9,,,,,,162,,,,,,,,,,,,,,,,,,,,,,,,,,,,,,,,,,,,,,,,120,0,,,,,,,,,,,,,,,,,,,,,,,,,,,,,,,,,,,,"3;3;3",,,,,,,,,,,,,,
,29,,,,3285,144,,4000000,9,,,,,,166,,,,,,,,,,,,,,,,,,,,,,,,,,,,,,,,,,,,,,,,125,0,,,,,,,,,,,,,,,,,,,,,,,,,,,,,,,,,,,,"3;3;3",,,,,,,,,,,,,,
,30,,,,3318,168,,4100000,9,,,,,,171,,,,,,,,,,,,,,,,,,,,,,,,,,,,,,,,,,,,,,,,136,0,,,,,,,,,,,,,,,,,,,,,,,,,,,,,,,,,,,,"4;4;4",,,,,,,,,,,,,,
,31,,,,3348,168,,4200000,10,,,,,,175,,,,,,,,,,,,,,,,,,,,,,,,,,,,,,,,,,,,,,,,141,0,,,,,,,,,,,,,,,,,,,,,,,,,,,,,,,,,,,,"4;4;4",,,,,,,,,,,,,,
,32,,,,3375,168,,4300000,10,,,,,,180,,,,,,,,,,,,,,,,,,,,,,,,,,,,,,,,,,,,,,,,146,0,,,,,,,,,,,,,,,,,,,,,,,,,,,,,,,,,,,,"4;4;4",,,,,,,,,,,,,,
,33,,,,3402,168,,4400000,10,,,,,,184,,,,,,,,,,,,,,,,,,,,,,,,,,,,,,,,,,,,,,,,152,0,,,,,,,,,,,,,,,,,,,,,,,,,,,,,,,,,,,,"4;4;4",,,,,,,,,,,,,,
,34,,,,3429,168,,4500000,10,,,,,,189,,,,,,,,,,,,,,,,,,,,,,,,,,,,,,,,,,,,,,,,157,0,,,,,,,,,,,,,,,,,,,,,,,,,,,,,,,,,,,,"4;4;4",,,,,,,,,,,,,,
,35,,,,3456,,,,10,,,,,,193,,,,,,,,,,,,,,,,,,,,,,,,,,,,,,,,,,,,,,,,171,0,,,,,,,,,,,,,,,,,,,,,,,,,,,,,,,,,,,,"5;5;5",,,,,,,,,,,,,,
"Minion Hero",1,"TID_MINION_HERO","TID_HERO_INSTRUCTIONS_MINION_HERO",300,200,2,"DarkElixir",5000,9,3,450,,850,,173,1,,"sc/ui.sc","icon_hero_minionprince","unit_minion_prince_big","sc/info_minion_prince.sc","icon_hero_minionprince_profile","sc/ui.sc","hero_art_mp","sc/ui.sc","MinionHeroAttackProjectile",,"Hero Deploy",,,"Minion Prince Hit","TRUE","TRUE","TRUE","FALSE",,,,,1000,25,21,18,,"Elixir",,"Barbarian King Scream",,,300,,"TID_HERO_ABILITY_BARBARIAN_DESC","icon_hero_minionprince_ability1","unit_minion_prince_ability_big",3200,1400,1200,,,,,,,,,,,,,,,,,,,,,,,2100,2500,,80,"TRUE",,,,"MinionHeroDefault",450,"M","MinionPrinceAbilityHeal","1","TRUE",,"HeroMinionPrince",,2,"MP Minion Bros; MP Dark Orb;",1,"sc/buildings.sc","MH_rally_point","MH_rally_point_base","mp",3,"ForceMoveMP","TRUE"
,2,,,,242,4,,5500,9,3,,,,,177,,,,,,,,,,,,,,,,,,,,,,,,,,,,18,,,,,,,,,,,,3400,1600,,,,,,,,,,,,,,,,,,,,,,,,,,,,,,,,,,,,"1",,,,,,,1,,,,,3,,
,3,,,,284,8,,6000,9,3,,,,,181,,,,,,,,,,,,,,,,,,,,,,,,,,,,18,,,,,,,,,,,,3600,1800,,,,,,,,,,,,,,,,,,,,,,,,,,,,,,,,,,,,"1",,,,,,,1,,,,,3,,
,4,,,,326,10,,6500,9,3,,,,,187,,,,,,,,,,,,,,,,,,,,,,,,,,,,18,,,,,,,,,,,,3800,2000,,,,,,,,,,,,,,,,,,,,,,,,,,,,,,,,,,,,"1",,,,,,,1,,,,,3,,
,5,,,,368,12,,7000,9,3,,,,,191,,,,,,,,,,,,,,,,,,,,,,,,,,,,20,,,,,,,,,,,,4000,2200,,,,,,,,,,,,,,,,,,,,,,,,,,,,,,,,,,,,"2",,,,,,,1,,,,,3,,
,6,,,,410,14,,7500,9,3,,,,,196,,,,,,,,,,,,,,,,,,,,,,,,,,,,20,,,,,,,,,,,,4200,2400,,,,,,,,,,,,,,,,,,,,,,,,,,,,,,,,,,,,"2",,,,,,,2,,,,,3,,
,7,,,,452,16,,8000,9,3,,,,,201,,,,,,,,,,,,,,,,,,,,,,,,,,,,20,,,,,,,,,,,,4400,2600,,,,,,,,,,,,,,,,,,,,,,,,,,,,,,,,,,,,"2",,,,,,,2,,,,,3,,
,8,,,,494,18,,8500,9,3,,,,,206,,,,,,,,,,,,,,,,,,,,,,,,,,,,20,,,,,,,,,,,,4600,2800,,,,,,,,,,,,,,,,,,,,,,,,,,,,,,,,,,,,"2",,,,,,,2,,,,,3,,
,9,,,,536,20,,10000,9,3,,,,,211,,,,,,,,,,,,,,,,,,,,,,,,,,,,20,,,,,,,,,,,,4800,3000,,,,,,,,,,,,,,,,,,,,,,,,,,,,,,,,,,,,"2",,,,,,,2,,,,,3,,
,10,,,,578,22,,10500,9,3,,,,,216,,,,,,,,,,,,,,,,,,,,,,,,,,,,22,,,,,,,,,,,,5000,3200,,,,,,,,,,,,,,,,,,,,,,,,,,,,,,,,,,,,"3",,,,,,,2,,,,,4,,
,11,,,,620,24,,11000,10,4,,,,,222,,,,,,,,,,,,,,,,,,,,,,,,,,,,22,,,,,,,,,,,,5200,3300,,,,,,,,,,,,,,,,,,,,,,,,,,,,,,,,,,,,"3",,,,,,,3,,,,,4,,
,12,,,,662,24,,11500,10,4,,,,,227,,,,,,,,,,,,,,,,,,,,,,,,,,,,22,,,,,,,,,,,,5400,3400,,,,,,,,,,,,,,,,,,,,,,,,,,,,,,,,,,,,"3",,,,,,,3,,,,,4,,
,13,,,,704,24,,12000,10,4,,,,,233,,,,,,,,,,,,,,,,,,,,,,,,,,,,22,,,,,,,,,,,,5600,3500,,,,,,,,,,,,,,,,,,,,,,,,,,,,,,,,,,,,"3",,,,,,,3,,,,,4,,
,14,,,,746,24,,12500,10,4,,,,,238,,,,,,,,,,,,,,,,,,,,,,,,,,,,22,,,,,,,,,,,,5800,3600,,,,,,,,,,,,,,,,,,,,,,,,,,,,,,,,,,,,"3",,,,,,,3,,,,,4,,
,15,,,,788,24,,13000,10,4,,,,,244,,,,,,,,,,,,,,,,,,,,,,,,,,,,24,,,,,,,,,,,,6000,3700,,,,,,,,,,,,,,,,,,,,,,,,,,,,,,,,,,,,"4",,,,,,,3,,,,,4,,
,16,,,,830,24,,13500,10,4,,,,,251,,,,,,,,,,,,,,,,,,,,,,,,,,,,24,,,,,,,,,,,,6200,3800,,,,,,,,,,,,,,,,,,,,,,,,,,,,,,,,,,,,"4",,,,,,,4,,,,,4,,
,17,,,,872,24,,14000,10,4,,,,,257,,,,,,,,,,,,,,,,,,,,,,,,,,,,24,,,,,,,,,,,,6400,3900,,,,,,,,,,,,,,,,,,,,,,,,,,,,,,,,,,,,"4",,,,,,,4,,,,,4,,
,18,,,,914,24,,14500,10,4,,,,,263,,,,,,,,,,,,,,,,,,,,,,,,,,,,24,,,,,,,,,,,,6600,4000,,,,,,,,,,,,,,,,,,,,,,,,,,,,,,,,,,,,"4",,,,,,,4,,,,,4,,
,19,,,,956,24,,15000,10,4,,,,,270,,,,,,,,,,,,,,,,,,,,,,,,,,,,24,,,,,,,,,,,,6800,4100,,,,,,,,,,,,,,,,,,,,,,,,,,,,,,,,,,,,"4",,,,,,,4,,,,,4,,
,20,,,,998,24,,17000,10,4,,,,,277,,,,,,,,,,,,,,,,,,,,,,,,,,,,26,,,,,,,,,,,,7000,4200,,,,,,,,,,,,,,,,,,,,,,,,,,,,,,,,,,,,"5",,,,,,,4,,,,,5,,
,21,,,,1040,24,,19000,11,5,,,,,284,,,,,,,,,,,,,,,,,,,,,,,,,,,,26,,,,,,,,,,,,7200,4350,,,,,,,,,,,,,,,,,,,,,,,,,,,,,,,,,,,,"5",,,,,,,5,,,,,5,,
,22,,,,1082,24,,21000,11,5,,,,,290,,,,,,,,,,,,,,,,,,,,,,,,,,,,26,,,,,,,,,,,,7400,4500,,,,,,,,,,,,,,,,,,,,,,,,,,,,,,,,,,,,"5",,,,,,,5,,,,,5,,
,23,,,,1124,24,,23000,11,5,,,,,298,,,,,,,,,,,,,,,,,,,,,,,,,,,,26,,,,,,,,,,,,7600,4650,,,,,,,,,,,,,,,,,,,,,,,,,,,,,,,,,,,,"5",,,,,,,5,,,,,5,,
,24,,,,1166,24,,25000,11,5,,,,,305,,,,,,,,,,,,,,,,,,,,,,,,,,,,26,,,,,,,,,,,,7800,4800,,,,,,,,,,,,,,,,,,,,,,,,,,,,,,,,,,,,"5",,,,,,,5,,,,,5,,
,25,,,,1208,36,,27000,11,5,,,,,313,,,,,,,,,,,,,,,,,,,,,,,,,,,,28,,,,,,,,,,,,8000,4950,,,,,,,,,,,,,,,,,,,,,,,,,,,,,,,,,,,,"6",,,,,,,5,,,,,5,,
,26,,,,1250,36,,29000,11,5,,,,,321,,,,,,,,,,,,,,,,,,,,,,,,,,,,28,,,,,,,,,,,,8200,5100,,,,,,,,,,,,,,,,,,,,,,,,,,,,,,,,,,,,"6",,,,,,,6,,,,,5,,
,27,,,,1292,36,,31000,11,5,,,,,329,,,,,,,,,,,,,,,,,,,,,,,,,,,,28,,,,,,,,,,,,8400,5250,,,,,,,,,,,,,,,,,,,,,,,,,,,,,,,,,,,,"6",,,,,,,6,,,,,5,,
,28,,,,1334,36,,33000,11,5,,,,,337,,,,,,,,,,,,,,,,,,,,,,,,,,,,28,,,,,,,,,,,,8600,5400,,,,,,,,,,,,,,,,,,,,,,,,,,,,,,,,,,,,"6",,,,,,,6,,,,,5,,
,29,,,,1376,36,,35000,11,5,,,,,345,,,,,,,,,,,,,,,,,,,,,,,,,,,,28,,,,,,,,,,,,8800,5550,,,,,,,,,,,,,,,,,,,,,,,,,,,,,,,,,,,,"6",,,,,,,6,,,,,5,,
,30,,,,1418,48,,36000,11,5,,,,,354,,,,,,,,,,,,,,,,,,,,,,,,,,,,30,,,,,,,,,,,,9000,5700,,,,,,,,,,,,,,,,,,,,,,,,,,,,,,,,,,,,"7",,,,,,,6,,,,,6,,
,31,,,,1460,48,,37000,12,6,,,,,363,,,,,,,,,,,,,,,,,,,,,,,,,,,,30,,,,,,,,,,,,9500,6000,,,,,,,,,,,,,,,,,,,,,,,,,,,,,,,,,,,,"7",,,,,,,7,,,,,6,,
,32,,,,1502,48,,38000,12,6,,,,,372,,,,,,,,,,,,,,,,,,,,,,,,,,,,30,,,,,,,,,,,,10000,6300,,,,,,,,,,,,,,,,,,,,,,,,,,,,,,,,,,,,"7",,,,,,,7,,,,,6,,
,33,,,,1544,48,,39000,12,6,,,,,381,,,,,,,,,,,,,,,,,,,,,,,,,,,,30,,,,,,,,,,,,10500,6600,,,,,,,,,,,,,,,,,,,,,,,,,,,,,,,,,,,,"7",,,,,,,7,,,,,6,,
,34,,,,1586,48,,40000,12,6,,,,,391,,,,,,,,,,,,,,,,,,,,,,,,,,,,30,,,,,,,,,,,,11000,6900,,,,,,,,,,,,,,,,,,,,,,,,,,,,,,,,,,,,"7",,,,,,,7,,,,,6,,
,35,,,,1628,54,,41000,12,6,,,,,401,,,,,,,,,,,,,,,,,,,,,,,,,,,,32,,,,,,,,,,,,11500,7200,,,,,,,,,,,,,,,,,,,,,,,,,,,,,,,,,,,,"8",,,,,,,7,,,,,6,,
,36,,,,1670,54,,42000,12,6,,,,,411,,,,,,,,,,,,,,,,,,,,,,,,,,,,32,,,,,,,,,,,,12000,7500,,,,,,,,,,,,,,,,,,,,,,,,,,,,,,,,,,,,"8",,,,,,,8,,,,,6,,
,37,,,,1712,54,,43000,12,6,,,,,419,,,,,,,,,,,,,,,,,,,,,,,,,,,,32,,,,,,,,,,,,12500,7800,,,,,,,,,,,,,,,,,,,,,,,,,,,,,,,,,,,,"8",,,,,,,8,,,,,6,,
,38,,,,1754,54,,44000,12,6,,,,,427,,,,,,,,,,,,,,,,,,,,,,,,,,,,32,,,,,,,,,,,,13000,8100,,,,,,,,,,,,,,,,,,,,,,,,,,,,,,,,,,,,"8",,,,,,,8,,,,,6,,
,39,,,,1796,54,,45000,12,6,,,,,437,,,,,,,,,,,,,,,,,,,,,,,,,,,,32,,,,,,,,,,,,13500,8400,,,,,,,,,,,,,,,,,,,,,,,,,,,,,,,,,,,,"8",,,,,,,8,,,,,6,,
,40,,,,1838,72,,50000,12,6,,,,,446,,,,,,,,,,,,,,,,,,,,,,,,,,,,34,,,,,,,,,,,,14000,8700,,,,,,,,,,,,,,,,,,,,,,,,,,,,,,,,,,,,"9",,,,,,,8,,,,,7,,
,41,,,,1880,72,,55000,13,7,,,,,455,,,,,,,,,,,,,,,,,,,,,,,,,,,,34,,,,,,,,,,,,14300,8900,,,,,,,,,,,,,,,,,,,,,,,,,,,,,,,,,,,,"9",,,,,,,9,,,,,7,,
,42,,,,1922,72,,60000,13,7,,,,,464,,,,,,,,,,,,,,,,,,,,,,,,,,,,34,,,,,,,,,,,,14600,9100,,,,,,,,,,,,,,,,,,,,,,,,,,,,,,,,,,,,"9",,,,,,,9,,,,,7,,
,43,,,,1964,72,,65000,13,7,,,,,474,,,,,,,,,,,,,,,,,,,,,,,,,,,,34,,,,,,,,,,,,14900,9300,,,,,,,,,,,,,,,,,,,,,,,,,,,,,,,,,,,,"9",,,,,,,9,,,,,7,,
,44,,,,2006,72,,70000,13,7,,,,,484,,,,,,,,,,,,,,,,,,,,,,,,,,,,34,,,,,,,,,,,,15200,9500,,,,,,,,,,,,,,,,,,,,,,,,,,,,,,,,,,,,"9",,,,,,,9,,,,,7,,
,45,,,,2048,96,,75000,13,7,,,,,494,,,,,,,,,,,,,,,,,,,,,,,,,,,,36,,,,,,,,,,,,15500,9700,,,,,,,,,,,,,,,,,,,,,,,,,,,,,,,,,,,,"10",,,,,,,9,,,,,7,,
,46,,,,2090,96,,80000,13,7,,,,,504,,,,,,,,,,,,,,,,,,,,,,,,,,,,36,,,,,,,,,,,,15800,9900,,,,,,,,,,,,,,,,,,,,,,,,,,,,,,,,,,,,"10",,,,,,,10,,,,,7,,
,47,,,,2132,96,,85000,13,7,,,,,513,,,,,,,,,,,,,,,,,,,,,,,,,,,,36,,,,,,,,,,,,16100,10100,,,,,,,,,,,,,,,,,,,,,,,,,,,,,,,,,,,,"10",,,,,,,10,,,,,7,,
,48,,,,2174,96,,90000,13,7,,,,,523,,,,,,,,,,,,,,,,,,,,,,,,,,,,36,,,,,,,,,,,,16400,10300,,,,,,,,,,,,,,,,,,,,,,,,,,,,,,,,,,,,"10",,,,,,,10,,,,,7,,
,49,,,,2216,96,,95000,13,7,,,,,534,,,,,,,,,,,,,,,,,,,,,,,,,,,,36,,,,,,,,,,,,16700,10500,,,,,,,,,,,,,,,,,,,,,,,,,,,,,,,,,,,,"10",,,,,,,10,,,,,7,,
,50,,,,2258,108,,100000,13,7,,,,,545,,,,,,,,,,,,,,,,,,,,,,,,,,,,38,,,,,,,,,,,,17000,10700,,,,,,,,,,,,,,,,,,,,,,,,,,,,,,,,,,,,"11",,,,,,,10,,,,,8,,
,51,,,,2300,108,,105000,14,8,,,,,556,,,,,,,,,,,,,,,,,,,,,,,,,,,,38,,,,,,,,,,,,17100,10800,,,,,,,,,,,,,,,,,,,,,,,,,,,,,,,,,,,,"11",,,,,,,11,,,,,8,,
,52,,,,2342,108,,110000,14,8,,,,,566,,,,,,,,,,,,,,,,,,,,,,,,,,,,38,,,,,,,,,,,,17200,10900,,,,,,,,,,,,,,,,,,,,,,,,,,,,,,,,,,,,"11",,,,,,,11,,,,,8,,
,53,,,,2384,108,,115000,14,8,,,,,575,,,,,,,,,,,,,,,,,,,,,,,,,,,,38,,,,,,,,,,,,17300,11000,,,,,,,,,,,,,,,,,,,,,,,,,,,,,,,,,,,,"11",,,,,,,11,,,,,8,,
,54,,,,2426,108,,120000,14,8,,,,,584,,,,,,,,,,,,,,,,,,,,,,,,,,,,38,,,,,,,,,,,,17400,11100,,,,,,,,,,,,,,,,,,,,,,,,,,,,,,,,,,,,"11",,,,,,,11,,,,,8,,
,55,,,,2468,120,,125000,14,8,,,,,591,,,,,,,,,,,,,,,,,,,,,,,,,,,,40,,,,,,,,,,,,17500,11200,,,,,,,,,,,,,,,,,,,,,,,,,,,,,,,,,,,,"12",,,,,,,11,,,,,8,,
,56,,,,2510,120,,130000,14,8,,,,,598,,,,,,,,,,,,,,,,,,,,,,,,,,,,40,,,,,,,,,,,,17600,11300,,,,,,,,,,,,,,,,,,,,,,,,,,,,,,,,,,,,"12",,,,,,,12,,,,,8,,
,57,,,,2552,120,,135000,14,8,,,,,604,,,,,,,,,,,,,,,,,,,,,,,,,,,,40,,,,,,,,,,,,17700,11400,,,,,,,,,,,,,,,,,,,,,,,,,,,,,,,,,,,,"12",,,,,,,12,,,,,8,,
,58,,,,2594,120,,140000,14,8,,,,,610,,,,,,,,,,,,,,,,,,,,,,,,,,,,40,,,,,,,,,,,,17800,11500,,,,,,,,,,,,,,,,,,,,,,,,,,,,,,,,,,,,"12",,,,,,,12,,,,,8,,
,59,,,,2636,120,,145000,14,8,,,,,614,,,,,,,,,,,,,,,,,,,,,,,,,,,,40,,,,,,,,,,,,17900,11600,,,,,,,,,,,,,,,,,,,,,,,,,,,,,,,,,,,,"12",,,,,,,12,,,,,8,,
,60,,,,2678,144,,150000,14,8,,,,,619,,,,,,,,,,,,,,,,,,,,,,,,,,,,42,,,,,,,,,,,,18000,11700,,,,,,,,,,,,,,,,,,,,,,,,,,,,,,,,,,,,"13",,,,,,,12,,,,,9,,
,61,,,,2720,144,,155000,15,9,,,,,623,,,,,,,,,,,,,,,,,,,,,,,,,,,,42,,,,,,,,,,,,18200,11800,,,,,,,,,,,,,,,,,,,,,,,,,,,,,,,,,,,,"13",,,,,,,13,,,,,9,,
,62,,,,2762,144,,160000,15,9,,,,,628,,,,,,,,,,,,,,,,,,,,,,,,,,,,42,,,,,,,,,,,,18400,11900,,,,,,,,,,,,,,,,,,,,,,,,,,,,,,,,,,,,"13",,,,,,,13,,,,,9,,
,63,,,,2804,144,,165000,15,9,,,,,631,,,,,,,,,,,,,,,,,,,,,,,,,,,,42,,,,,,,,,,,,18600,12000,,,,,,,,,,,,,,,,,,,,,,,,,,,,,,,,,,,,"13",,,,,,,13,,,,,9,,
,64,,,,2846,144,,170000,15,9,,,,,636,,,,,,,,,,,,,,,,,,,,,,,,,,,,42,,,,,,,,,,,,18800,12100,,,,,,,,,,,,,,,,,,,,,,,,,,,,,,,,,,,,"13",,,,,,,13,,,,,9,,
,65,,,,2888,168,,175000,15,9,,,,,639,,,,,,,,,,,,,,,,,,,,,,,,,,,,44,,,,,,,,,,,,19000,12200,,,,,,,,,,,,,,,,,,,,,,,,,,,,,,,,,,,,"14",,,,,,,13,,,,,9,,
,66,,,,2930,168,,180000,15,9,,,,,643,,,,,,,,,,,,,,,,,,,,,,,,,,,,44,,,,,,,,,,,,19200,12300,,,,,,,,,,,,,,,,,,,,,,,,,,,,,,,,,,,,"14",,,,,,,14,,,,,9,,
,67,,,,2972,168,,185000,15,9,,,,,646,,,,,,,,,,,,,,,,,,,,,,,,,,,,44,,,,,,,,,,,,19400,12400,,,,,,,,,,,,,,,,,,,,,,,,,,,,,,,,,,,,"14",,,,,,,14,,,,,9,,
,68,,,,3014,168,,190000,15,9,,,,,649,,,,,,,,,,,,,,,,,,,,,,,,,,,,44,,,,,,,,,,,,19600,12500,,,,,,,,,,,,,,,,,,,,,,,,,,,,,,,,,,,,"14",,,,,,,14,,,,,9,,
,69,,,,3056,168,,195000,15,9,,,,,652,,,,,,,,,,,,,,,,,,,,,,,,,,,,44,,,,,,,,,,,,19800,12600,,,,,,,,,,,,,,,,,,,,,,,,,,,,,,,,,,,,"14",,,,,,,14,,,,,9,,
,70,,,,3098,180,,200000,15,9,,,,,656,,,,,,,,,,,,,,,,,,,,,,,,,,,,46,,,,,,,,,,,,20000,12700,,,,,,,,,,,,,,,,,,,,,,,,,,,,,,,,,,,,"15",,,,,,,14,,,,,10,,
,71,,,,3161,180,,205000,16,10,,,,,658,,,,,,,,,,,,,,,,,,,,,,,,,,,,46,,,,,,,,,,,,20150,12800,,,,,,,,,,,,,,,,,,,,,,,,,,,,,,,,,,,,"15",,,,,,,15,,,,,10,,
,72,,,,3224,180,,210000,16,10,,,,,661,,,,,,,,,,,,,,,,,,,,,,,,,,,,46,,,,,,,,,,,,20300,12900,,,,,,,,,,,,,,,,,,,,,,,,,,,,,,,,,,,,"15",,,,,,,15,,,,,10,,
,73,,,,3287,180,,220000,16,10,,,,,665,,,,,,,,,,,,,,,,,,,,,,,,,,,,46,,,,,,,,,,,,20450,13000,,,,,,,,,,,,,,,,,,,,,,,,,,,,,,,,,,,,"15",,,,,,,15,,,,,10,,
,74,,,,3350,180,,230000,16,10,,,,,670,,,,,,,,,,,,,,,,,,,,,,,,,,,,46,,,,,,,,,,,,20600,13100,,,,,,,,,,,,,,,,,,,,,,,,,,,,,,,,,,,,"15",,,,,,,15,,,,,10,,
,75,,,,3413,180,,240000,16,10,,,,,675,,,,,,,,,,,,,,,,,,,,,,,,,,,,46,,,,,,,,,,,,20750,13200,,,,,,,,,,,,,,,,,,,,,,,,,,,,,,,,,,,,"16",,,,,,,15,,,,,10,,
,76,,,,3476,180,,250000,16,10,,,,,680,,,,,,,,,,,,,,,,,,,,,,,,,,,,46,,,,,,,,,,,,20900,13300,,,,,,,,,,,,,,,,,,,,,,,,,,,,,,,,,,,,"16",,,,,,,15,,,,,10,,
,77,,,,3539,180,,260000,16,10,,,,,685,,,,,,,,,,,,,,,,,,,,,,,,,,,,46,,,,,,,,,,,,21050,13400,,,,,,,,,,,,,,,,,,,,,,,,,,,,,,,,,,,,"16",,,,,,,15,,,,,10,,
,78,,,,3602,180,,270000,16,10,,,,,690,,,,,,,,,,,,,,,,,,,,,,,,,,,,46,,,,,,,,,,,,21200,13500,,,,,,,,,,,,,,,,,,,,,,,,,,,,,,,,,,,,"16",,,,,,,15,,,,,10,,
,79,,,,3665,180,,280000,16,10,,,,,695,,,,,,,,,,,,,,,,,,,,,,,,,,,,46,,,,,,,,,,,,21350,13600,,,,,,,,,,,,,,,,,,,,,,,,,,,,,,,,,,,,"16",,,,,,,15,,,,,10,,
,80,,,,3728,192,,290000,16,10,,,,,700,,,,,,,,,,,,,,,,,,,,,,,,,,,,48,,,,,,,,,,,,21500,13700,,,,,,,,,,,,,,,,,,,,,,,,,,,,,,,,,,,,"17",,,,,,,15,,,,,11,,
,81,,,,3791,192,,300000,17,11,,,,,705,,,,,,,,,,,,,,,,,,,,,,,,,,,,48,,,,,,,,,,,,21650,13750,,,,,,,,,,,,,,,,,,,,,,,,,,,,,,,,,,,,"17",,,,,,,15,,,,,11,,
,82,,,,3854,192,,310000,17,11,,,,,710,,,,,,,,,,,,,,,,,,,,,,,,,,,,48,,,,,,,,,,,,21800,13800,,,,,,,,,,,,,,,,,,,,,,,,,,,,,,,,,,,,"17",,,,,,,15,,,,,11,,
,83,,,,3917,192,,320000,17,11,,,,,715,,,,,,,,,,,,,,,,,,,,,,,,,,,,48,,,,,,,,,,,,21950,13850,,,,,,,,,,,,,,,,,,,,,,,,,,,,,,,,,,,,"17",,,,,,,15,,,,,11,,
,84,,,,3980,192,,330000,17,11,,,,,720,,,,,,,,,,,,,,,,,,,,,,,,,,,,48,,,,,,,,,,,,22100,13900,,,,,,,,,,,,,,,,,,,,,,,,,,,,,,,,,,,,"17",,,,,,,15,,,,,11,,
,85,,,,4043,192,,340000,17,11,,,,,725,,,,,,,,,,,,,,,,,,,,,,,,,,,,48,,,,,,,,,,,,22250,13950,,,,,,,,,,,,,,,,,,,,,,,,,,,,,,,,,,,,"18",,,,,,,15,,,,,11,,
,86,,,,4106,192,,350000,17,11,,,,,730,,,,,,,,,,,,,,,,,,,,,,,,,,,,48,,,,,,,,,,,,22400,14000,,,,,,,,,,,,,,,,,,,,,,,,,,,,,,,,,,,,"18",,,,,,,15,,,,,11,,
,87,,,,4169,192,,360000,17,11,,,,,735,,,,,,,,,,,,,,,,,,,,,,,,,,,,48,,,,,,,,,,,,22550,14050,,,,,,,,,,,,,,,,,,,,,,,,,,,,,,,,,,,,"18",,,,,,,15,,,,,11,,
,88,,,,4232,192,,370000,17,11,,,,,740,,,,,,,,,,,,,,,,,,,,,,,,,,,,48,,,,,,,,,,,,22700,14100,,,,,,,,,,,,,,,,,,,,,,,,,,,,,,,,,,,,"18",,,,,,,15,,,,,11,,
,89,,,,4295,192,,380000,17,11,,,,,745,,,,,,,,,,,,,,,,,,,,,,,,,,,,48,,,,,,,,,,,,22850,14150,,,,,,,,,,,,,,,,,,,,,,,,,,,,,,,,,,,,"18",,,,,,,15,,,,,11,,
,90,,,,4358,192,,400000,17,11,,,,,750,,,,,,,,,,,,,,,,,,,,,,,,,,,,48,,,,,,,,,,,,23000,14200,,,,,,,,,,,,,,,,,,,,,,,,,,,,,,,,,,,,"19",,,,,,,15,,,,,11,,
,91,,,,4390,192,,410000,18,12,,,,,753,,,,,,,,,,,,,,,,,,,,,,,,,,,,48,,,,,,,,,,,,23150,14300,,,,,,,,,,,,,,,,,,,,,,,,,,,,,,,,,,,,"19",,,,,,,15,,,,,100,,
,92,,,,4420,192,,420000,18,12,,,,,756,,,,,,,,,,,,,,,,,,,,,,,,,,,,48,,,,,,,,,,,,23300,14400,,,,,,,,,,,,,,,,,,,,,,,,,,,,,,,,,,,,"19",,,,,,,15,,,,,100,,
,93,,,,4450,192,,430000,18,12,,,,,759,,,,,,,,,,,,,,,,,,,,,,,,,,,,48,,,,,,,,,,,,23450,14500,,,,,,,,,,,,,,,,,,,,,,,,,,,,,,,,,,,,"19",,,,,,,15,,,,,100,,
,94,,,,4480,192,,450000,18,12,,,,,762,,,,,,,,,,,,,,,,,,,,,,,,,,,,48,,,,,,,,,,,,23600,14600,,,,,,,,,,,,,,,,,,,,,,,,,,,,,,,,,,,,"19",,,,,,,15,,,,,100,,
,95,,,,4510,,,,18,12,,,,,765,,,,,,,,,,,,,,,,,,,,,,,,,,,,48,,,,,,,,,,,,23750,14700,,,,,,,,,,,,,,,,,,,,,,,,,,,,,,,,,,,,"20",,,,,,,15,,,,,100,,
