"Name","TroopLevel","Deprecated","TID","InfoTID","HousingSpace","BarrackLevel","LaboratoryLevel","Speed","Hitpoints","TrainingTime","TrainingResource","TrainingCost","UpgradeTimeH","UpgradeTimeM","UpgradeResource","UpgradeCost","DonateCost","DonateXP","DonateCount","AttackRange","AttackSpeed","CoolDownOverride","DPS","PreferedTargetDamageMod","DamageRadius","AreaDamageIgnoresWalls","SelfAsAoeCenter","IconSWF","IconExportName","BigPicture","BigPictureSWF","ArmyTrainingPicture","ArmyTrainingPictureSWF","Projectile","AltProjectile","PreferedTargetBuilding","PreferedTargetBuildingClass","PreferredTargetNoTargeting","DeployEffect","AttackEffect","AttackEffect2","HitEffect","HitEffect2","IsFlying","AirTargets","GroundTargets","AttackCount","DieEffect","DieEffect2","Animation","ProductionBuilding","IsJumper","MovementOffsetAmount","MovementOffsetSpeed","TombStone","DieDamage","DieDamageRadius","DieDamageEffect","DieDamageDelay","DisableProduction","SecondaryTroop","IsSecondaryTroop","SecondaryTroopCnt","SecondarySpawnDist","RandomizeSecSpawnDist","PickNewTargetAfterPushback","PushbackSpeed","SummonTroop","SummonTroopCount","SummonTime","SummonCooldown","SummonEffect","SummonLimit","SummonDelay","SpawnIdle","SpawnOnAttack","StrengthWeight","AuraSpell","AuraSpellLevel","SpeedDecreasePerChildTroopLost","ChildTroop0_X","ChildTroop0_Y","ChildTroop1_X","WallMovementCost","BurstCount","BurstDelay","AttackMultipleBuildings","IncreasingDamage","DPSLv2","DPSLv3","Lv2SwitchTime","Lv3SwitchTime","AttackEffectLv2","AttackEffectLv3","AttackEffectLv4","TransitionEffectLv2","TransitionEffectLv3","TransitionEffectLv4","TargetedEffectOffset","SecondarySpawnOffset","CustomDefenderIcon","SpecialMovementMod","InvisibilityRadius","HealthReductionPerSecond","AutoMergeDistance","AutoMergeGroupSize","IsUnderground","ProjectileBounces","FriendlyGroupWeight","EnemyGroupWeight","NewTargetAttackDelay","TriggersTraps","ChainShootingDistance","ChainAttackDistance","ChainAttackDepth","ChainAttackFactor","ChainAttackDelay","ChainAttackDamageReductionPercent","ChainAttackEffect","PreAttackEffect","MoveStartsEffect","UndergroundEffect","UnderwaterEffect","BecomesTargetableEffect","BoostedIfAlone","BoostRadius","BoostDmgPerfect","BoostAttackSpeed","HideEffect","VillageType","UnitsInCamp","DisableDonate","ScaleByTH","EnabledByCalendar","EnabledBySuperLicence","LoseHpPerTick","LoseHpInterval","UpgradeLevelByTH","EvolveToCharacter","EvolveEffect","EvolveOnDamageDealt","EvolveTime","CanAttackWhileMoving","PreferredMovementTarget","RetargetAfterHit","Damage2","Damage2Radius","Damage2Delay","Damage2Min","Damage2FalloffStart","Damage2FalloffEnd","DamageMultiplierTarget","DamageMultiplierPercent","FrostOnHitTime","FrostOnHitPercent","DoesNotOpenCC","DefensiveTroop","DamageReductionToStorages","BunkerTroops","BunkerTroopCount1","BunkerTroopCount2","BunkerDegenerationTime","BunkerSpawnDist","HeroDamageMultiplier","PenetratingProjectile","PenetratingRadius","PenetratingExtraRange","ImmuneToHealing","PreferHeroes","HealerWeight","SpecialAbilities","SpecialAbilitiesLevel","ReflectsDamage","LeashLength","DefaultSkin","SpawnDelay","HeroDeathAbilityLevel","HeroDeathAbilityType","HeroDeathAbilitySpell","CarriesMaster","PreferMasterTarget","SummonsInheritMaster","RecallWithMaster","PreviewScenario","StatBars","CantBeEjected"
"String","int","boolean","String","String","int","int","int","int","int","int","String","int","int","int","String","int","int","int","int","int","int","int","int","int","int","boolean","boolean","String","String","String","String","String","String","String","String","String","String","boolean","String","String","String","String","String","boolean","boolean","boolean","int","String","String","String","String","boolean","int","int","String","int","int","String","int","boolean","String","boolean","int","int","boolean","boolean","int","String","int","int","int","String","int","int","int","boolean","int","String","int","int","int","int","int","int","int","int","boolean","boolean","int","int","int","int","String","String","String","String","String","String","int","int","String","int","int","int","int","int","boolean","int","int","int","int","boolean","int","int","int","int","int","int","String","String","String","String","String","String","boolean","int","int","int","String","int","int","boolean","boolean","boolean","boolean","int","int","int","String","String","int","int","boolean","String","boolean","int","int","int","int","int","int","String","int","int","int","boolean","String","int","String","int","int","int","int","int","boolean","int","int","boolean","boolean","int","String","String","boolean","int","String","int","int","String","String","boolean","boolean","boolean","boolean","String","String","boolean"
"Barky",1,,"TID_PET_MELEEJUMPER","TID_PET_MELEEJUMPER_INFO",20,,1,400,2700,999,"DarkElixir",1,24,,"DarkElixir",20000,20,,,60,900,,150,,,,,"sc/ui.sc","icon_unit_pet_barksy","unit_pet_lassi_big","sc/info_pet_lassi.sc","hero_art_pet_lassi","sc/ui.sc",,,,,,"Barky Deploy","Barky Attack",,"Miner Hit",,"FALSE","FALSE","TRUE",,"Barky Die",,"PetLassiDefault",,"TRUE",,0,,,,,,"TRUE",,,,,,,,,,,,,,,100,,10000,,,,,,,,,,,,,,,,,,,,,,-50,,,,,,,,,,300,400,,"TRUE",,,,,,,,,,,,,,,,,,,,,,,,,,,,,,,,,,,,,,,,,,,,,,,,,,,,,,,,,,,"BarkyPlaceholderAbility","1",,200,"PetLassiDefault",100,,,,,,,,"Pet1",,"TRUE"
,2,,,,,,1,,2800,,,2,36,,,30000,,,,,,,160,,,,,,,,,,,,,,,,,,,,,,,,,,,,,,,,,,,,,,,,,,,,,,,,,,,,,,11000,,,,,,,,,,,,,,,,,,,,,,,,,,,,,,,,,,,,,,,,,,,,,,,,,,,,,,,,,,,,,,,,,,,,,,,,,,,,,,,,,,,,,,,,,,,,,,,,,,,,,,,,,,,,,
,3,,,,,,1,,2900,,,3,48,,,40000,,,,,,,170,,,,,,,,,,,,,,,,,,,,,,,,,,,,,,,,,,,,,,,,,,,,,,,,,,,,,,12000,,,,,,,,,,,,,,,,,,,,,,,,,,,,,,,,,,,,,,,,,,,,,,,,,,,,,,,,,,,,,,,,,,,,,,,,,,,,,,,,,,,,,,,,,,,,,,,,,,,,,,,,,,,,,
,4,,,,,,1,,3000,,,4,60,,,50000,,,,,,,180,,,,,,,,,,,,,,,,,,,,,,,,,,,,,,,,,,,,,,,,,,,,,,,,,,,,,,13000,,,,,,,,,,,,,,,,,,,,,,,,,,,,,,,,,,,,,,,,,,,,,,,,,,,,,,,,,,,,,,,,,,,,,,,,,,,,,,,,,,,,,,,,,,,,,,,,,,,,,,,,,,,,,
,5,,,,,,1,,3100,,,5,72,,,60000,,,,,,,190,,,,,,,,,,,,,,,,,,,,,,,,,,,,,,,,,,,,,,,,,,,,,,,,,,,,,,14000,,,,,,,,,,,,,,,,,,,,,,,,,,,,,,,,,,,,,,,,,,,,,,,,,,,,,,,,,,,,,,,,,,,,,,,,,,,,,,,,,,,,,,,,,,,,,,,,,,,,,,,,,,,,,
,6,,,,,,1,,3200,,,6,84,,,70000,,,,,,,200,,,,,,,,,,,,,,,,,,,,,,,,,,,,,,,,,,,,,,,,,,,,,,,,,,,,,,15000,,,,,,,,,,,,,,,,,,,,,,,,,,,,,,,,,,,,,,,,,,,,,,,,,,,,,,,,,,,,,,,,,,,,,,,,,,,,,,,,,,,,,,,,,,,,,,,,,,,,,,,,,,,,,
,7,,,,,,1,,3300,,,7,96,,,80000,,,,,,,210,,,,,,,,,,,,,,,,,,,,,,,,,,,,,,,,,,,,,,,,,,,,,,,,,,,,,,16000,,,,,,,,,,,,,,,,,,,,,,,,,,,,,,,,,,,,,,,,,,,,,,,,,,,,,,,,,,,,,,,,,,,,,,,,,,,,,,,,,,,,,,,,,,,,,,,,,,,,,,,,,,,,,
,8,,,,,,1,,3400,,,8,108,,,90000,,,,,,,220,,,,,,,,,,,,,,,,,,,,,,,,,,,,,,,,,,,,,,,,,,,,,,,,,,,,,,17000,,,,,,,,,,,,,,,,,,,,,,,,,,,,,,,,,,,,,,,,,,,,,,,,,,,,,,,,,,,,,,,,,,,,,,,,,,,,,,,,,,,,,,,,,,,,,,,,,,,,,,,,,,,,,
,9,,,,,,1,,3500,,,9,120,,,100000,,,,,,,230,,,,,,,,,,,,,,,,,,,,,,,,,,,,,,,,,,,,,,,,,,,,,,,,,,,,,,18000,,,,,,,,,,,,,,,,,,,,,,,,,,,,,,,,,,,,,,,,,,,,,,,,,,,,,,,,,,,,,,,,,,,,,,,,,,,,,,,,,,,,,,,,,,,,,,,,,,,,,,,,,,,,,
,10,,,,,,1,,3600,,,10,132,,,110000,,,,,,,240,,,,,,,,,,,,,,,,,,,,,,,,,,,,,,,,,,,,,,,,,,,,,,,,,,,,,,19000,,,,,,,,,,,,,,,,,,,,,,,,,,,,,,,,,,,,,,,,,,,,,,,,,,,,,,,,,,,,,,,,,,,,,,,,,,,,,,,,,,,,,,,,,,,,,,,,,,,,,,,,,,,,,
,11,,,,,,5,,3700,,,11,144,,,120000,,,,,,,250,,,,,,,,,,,,,,,,,,,,,,,,,,,,,,,,,,,,,,,,,,,,,,,,,,,,,,19500,,,,,,,,,,,,,,,,,,,,,,,,,,,,,,,,,,,,,,,,,,,,,,,,,,,,,,,,,,,,,,,,,,,,,,,,,,,,,,,,,,,,,,,,,,,,,,,,,,,,,,,,,,,,,
,12,,,,,,5,,3800,,,12,156,,,130000,,,,,,,260,,,,,,,,,,,,,,,,,,,,,,,,,,,,,,,,,,,,,,,,,,,,,,,,,,,,,,20000,,,,,,,,,,,,,,,,,,,,,,,,,,,,,,,,,,,,,,,,,,,,,,,,,,,,,,,,,,,,,,,,,,,,,,,,,,,,,,,,,,,,,,,,,,,,,,,,,,,,,,,,,,,,,
,13,,,,,,5,,3900,,,13,168,,,140000,,,,,,,270,,,,,,,,,,,,,,,,,,,,,,,,,,,,,,,,,,,,,,,,,,,,,,,,,,,,,,20500,,,,,,,,,,,,,,,,,,,,,,,,,,,,,,,,,,,,,,,,,,,,,,,,,,,,,,,,,,,,,,,,,,,,,,,,,,,,,,,,,,,,,,,,,,,,,,,,,,,,,,,,,,,,,
,14,,,,,,5,,4000,,,14,180,,,150000,,,,,,,280,,,,,,,,,,,,,,,,,,,,,,,,,,,,,,,,,,,,,,,,,,,,,,,,,,,,,,21000,,,,,,,,,,,,,,,,,,,,,,,,,,,,,,,,,,,,,,,,,,,,,,,,,,,,,,,,,,,,,,,,,,,,,,,,,,,,,,,,,,,,,,,,,,,,,,,,,,,,,,,,,,,,,
,15,,,,,,5,,4100,,,15,,,,,,,,,,,290,,,,,,,,,,,,,,,,,,,,,,,,,,,,,,,,,,,,,,,,,,,,,,,,,,,,,,21500,,,,,,,,,,,,,,,,,,,,,,,,,,,,,,,,,,,,,,,,,,,,,,,,,,,,,,,,,,,,,,,,,,,,,,,,,,,,,,,,,,,,,,,,,,,,,,,,,,,,,,,,,,,,,
"Bulldozer",1,,"TID_PET_WALLBUSTER","TID_PET_WALLBUSTER_INFO",20,,3,300,3750,999,"DarkElixir",1,24,,"DarkElixir",40000,20,,,120,2100,,60,,,,,"sc/ui.sc","icon_unit_pet_bulldozer","unit_pet_mightyyak_big","sc/info_pet_mightyyak.sc","hero_art_pet_yak","sc/ui.sc",,,,,,"Bulldozer Deploy","Bulldozer Attack",,"Golem Hit",,"FALSE","FALSE","TRUE",,"Bulldozer Die",,"PetYakDefault",,"FALSE",,0,,,,,,"TRUE",,,,,,,,,,,,,,,100,,10000,,,,,,,64,,,,,,,,,,,,,,,-50,,,,,,,,,,300,400,100,"TRUE",,,,,,,,,,,,,,,,,,,,,,,,,,,,,,,,,,,,,,,,"Wall",2000,,,,,,,,,,,,,,,,,,"BulldozerPlaceholderAbility","1",,581,"PetYakDefault",100,2,"BoostSelf","TroopRage",,,,,"Pet3",,"TRUE"
,2,,,,,,3,,4000,,,2,36,,,50000,,,,,,,64,,,,,,,,,,,,,,,,,,,,,,,,,,,,,,,,,,,,,,,,,,,,,,,,,,,,,,11000,,,,,,,,,,,,,,,,,,,,,,,,,,,,,,,,,,,,,,,,,,,,,,,,,,,,,,,,,,,,,,,,,,,,,,,,,,,,2000,,,,,,,,,,,,,,,,,,,,,,,,2,,,,,,,,,
,3,,,,,,3,,4250,,,3,48,,,60000,,,,,,,68,,,,,,,,,,,,,,,,,,,,,,,,,,,,,,,,,,,,,,,,,,,,,,,,,,,,,,12000,,,,,,,,,,,,,,,,,,,,,,,,,,,,,,,,,,,,,,,,,,,,,,,,,,,,,,,,,,,,,,,,,,,,,,,,,,,,2000,,,,,,,,,,,,,,,,,,,,,,,,2,,,,,,,,,
,4,,,,,,3,,4500,,,4,60,,,70000,,,,,,,72,,,,,,,,,,,,,,,,,,,,,,,,,,,,,,,,,,,,,,,,,,,,,,,,,,,,,,13000,,,,,,,,,,,,,,,,,,,,,,,,,,,,,,,,,,,,,,,,,,,,,,,,,,,,,,,,,,,,,,,,,,,,,,,,,,,,2000,,,,,,,,,,,,,,,,,,,,,,,,2,,,,,,,,,
,5,,,,,,3,,4750,,,5,72,,,80000,,,,,,,76,,,,,,,,,,,,,,,,,,,,,,,,,,,,,,,,,,,,,,,,,,,,,,,,,,,,,,14000,,,,,,,,,,,,,,,,,,,,,,,,,,,,,,,,,,,,,,,,,,,,,,,,,,,,,,,,,,,,,,,,,,,,,,,,,,,,2000,,,,,,,,,,,,,,,,,,,,,,,,2,,,,,,,,,
,6,,,,,,3,,4950,,,6,84,,,90000,,,,,,,80,,,,,,,,,,,,,,,,,,,,,,,,,,,,,,,,,,,,,,,,,,,,,,,,,,,,,,15000,,,,,,,,,,,,,,,,,,,,,,,,,,,,,,,,,,,,,,,,,,,,,,,,,,,,,,,,,,,,,,,,,,,,,,,,,,,,2000,,,,,,,,,,,,,,,,,,,,,,,,2,,,,,,,,,
,7,,,,,,3,,5100,,,7,96,,,100000,,,,,,,84,,,,,,,,,,,,,,,,,,,,,,,,,,,,,,,,,,,,,,,,,,,,,,,,,,,,,,16000,,,,,,,,,,,,,,,,,,,,,,,,,,,,,,,,,,,,,,,,,,,,,,,,,,,,,,,,,,,,,,,,,,,,,,,,,,,,2000,,,,,,,,,,,,,,,,,,,,,,,,2,,,,,,,,,
,8,,,,,,3,,5250,,,8,108,,,110000,,,,,,,88,,,,,,,,,,,,,,,,,,,,,,,,,,,,,,,,,,,,,,,,,,,,,,,,,,,,,,17000,,,,,,,,,,,,,,,,,,,,,,,,,,,,,,,,,,,,,,,,,,,,,,,,,,,,,,,,,,,,,,,,,,,,,,,,,,,,2000,,,,,,,,,,,,,,,,,,,,,,,,2,,,,,,,,,
,9,,,,,,3,,5400,,,9,120,,,120000,,,,,,,92,,,,,,,,,,,,,,,,,,,,,,,,,,,,,,,,,,,,,,,,,,,,,,,,,,,,,,18000,,,,,,,,,,,,,,,,,,,,,,,,,,,,,,,,,,,,,,,,,,,,,,,,,,,,,,,,,,,,,,,,,,,,,,,,,,,,2000,,,,,,,,,,,,,,,,,,,,,,,,2,,,,,,,,,
,10,,,,,,3,,5550,,,10,132,,,130000,,,,,,,96,,,,,,,,,,,,,,,,,,,,,,,,,,,,,,,,,,,,,,,,,,,,,,,,,,,,,,19000,,,,,,,,,,,,,,,,,,,,,,,,,,,,,,,,,,,,,,,,,,,,,,,,,,,,,,,,,,,,,,,,,,,,,,,,,,,,2000,,,,,,,,,,,,,,,,,,,,,,,,2,,,,,,,,,
,11,,,,,,7,,5700,,,11,144,,,140000,,,,,,,100,,,,,,,,,,,,,,,,,,,,,,,,,,,,,,,,,,,,,,,,,,,,,,,,,,,,,,20000,,,,,,,,,,,,,,,,,,,,,,,,,,,,,,,,,,,,,,,,,,,,,,,,,,,,,,,,,,,,,,,,,,,,,,,,,,,,2000,,,,,,,,,,,,,,,,,,,,,,,,2,,,,,,,,,
,12,,,,,,7,,5850,,,12,156,,,150000,,,,,,,104,,,,,,,,,,,,,,,,,,,,,,,,,,,,,,,,,,,,,,,,,,,,,,,,,,,,,,21000,,,,,,,,,,,,,,,,,,,,,,,,,,,,,,,,,,,,,,,,,,,,,,,,,,,,,,,,,,,,,,,,,,,,,,,,,,,,2000,,,,,,,,,,,,,,,,,,,,,,,,2,,,,,,,,,
,13,,,,,,7,,6000,,,13,168,,,160000,,,,,,,108,,,,,,,,,,,,,,,,,,,,,,,,,,,,,,,,,,,,,,,,,,,,,,,,,,,,,,22000,,,,,,,,,,,,,,,,,,,,,,,,,,,,,,,,,,,,,,,,,,,,,,,,,,,,,,,,,,,,,,,,,,,,,,,,,,,,2000,,,,,,,,,,,,,,,,,,,,,,,,2,,,,,,,,,
,14,,,,,,7,,6150,,,14,180,,,170000,,,,,,,112,,,,,,,,,,,,,,,,,,,,,,,,,,,,,,,,,,,,,,,,,,,,,,,,,,,,,,23000,,,,,,,,,,,,,,,,,,,,,,,,,,,,,,,,,,,,,,,,,,,,,,,,,,,,,,,,,,,,,,,,,,,,,,,,,,,,2000,,,,,,,,,,,,,,,,,,,,,,,,2,,,,,,,,,
,15,,,,,,7,,6300,,,15,,,,,,,,,,,116,,,,,,,,,,,,,,,,,,,,,,,,,,,,,,,,,,,,,,,,,,,,,,,,,,,,,,24000,,,,,,,,,,,,,,,,,,,,,,,,,,,,,,,,,,,,,,,,,,,,,,,,,,,,,,,,,,,,,,,,,,,,,,,,,,,,2000,,,,,,,,,,,,,,,,,,,,,,,,2,,,,,,,,,
"Electrowl",1,,"TID_PET_RANGEDATTACKER","TID_PET_RANGEDATTACKER_INFO",20,,2,250,1600,9999,"DarkElixir",1,36,,"DarkElixir",30000,20,,,550,1400,,100,,,,,"sc/ui.sc","icon_unit_pet_electrowl","unit_pet_electro_owl_big","sc/info_pet_electro_owl.sc","hero_art_pet_owl","sc/ui.sc",,,,,,"Laser Owl Deploy","Laser Owl Attack",,"Mega Tesla Hit",,"TRUE","TRUE","TRUE",,"Laser Owl Die",,"PetEowlDefault",,"FALSE",,30,,,,,,"TRUE",,,,,,,,,,,,,,,100,,10000,,,,,,,,,,,,,,,,,,,,,,60,,,,,,,,,,300,400,,"FALSE",,300,2,1,128,20,"MegaTesla Attack_1_chain",,,,,,,,,,,,,,,,,,,,,,,,,,,,,,,,,,,,,,,,,,,,,,,,,,,,"ElectrowlPlaceholderAbility","1",,0,"PetEowlDefault",100,,,,,,,,"Pet2",,"TRUE"
,2,,,,,,2,,1700,,,2,48,,,45000,,,,,,,105,,,,,,,,,,,,,,,,,,,,,,,,,,,,,,,,,,,,,,,,,,,,,,,,,,,,,,11000,,,,,,,,,,,,,,,,,,,,,,,,,,,,,,,,,,,,,,,,,,,,,,,,,,,,,,,,,,,,,,,,,,,,,,,,,,,,,,,,,,,,,,,,,,,,,,,,,,,,,,,,,,,,,
,3,,,,,,2,,1800,,,3,72,,,60000,,,,,,,110,,,,,,,,,,,,,,,,,,,,,,,,,,,,,,,,,,,,,,,,,,,,,,,,,,,,,,12000,,,,,,,,,,,,,,,,,,,,,,,,,,,,,,,,,,,,,,,,,,,,,,,,,,,,,,,,,,,,,,,,,,,,,,,,,,,,,,,,,,,,,,,,,,,,,,,,,,,,,,,,,,,,,
,4,,,,,,2,,1900,,,4,96,,,75000,,,,,,,115,,,,,,,,,,,,,,,,,,,,,,,,,,,,,,,,,,,,,,,,,,,,,,,,,,,,,,13000,,,,,,,,,,,,,,,,,,,,,,,,,,,,,,,,,,,,,,,,,,,,,,,,,,,,,,,,,,,,,,,,,,,,,,,,,,,,,,,,,,,,,,,,,,,,,,,,,,,,,,,,,,,,,
,5,,,,,,2,,2000,,,5,108,,,90000,,,,,,,120,,,,,,,,,,,,,,,,,,,,,,,,,,,,,,,,,,,,,,,,,,,,,,,,,,,,,,14000,,,,,,,,,,,,,,,,,,,,,,,,,,,,,,,,,,,,,,,,,,,,,,,,,,,,,,,,,,,,,,,,,,,,,,,,,,,,,,,,,,,,,,,,,,,,,,,,,,,,,,,,,,,,,
,6,,,,,,2,,2100,,,6,120,,,105000,,,,,,,125,,,,,,,,,,,,,,,,,,,,,,,,,,,,,,,,,,,,,,,,,,,,,,,,,,,,,,15000,,,,,,,,,,,,,,,,,,,,,,,,,,,,,,,,,,,,,,,,,,,,,,,,,,,,,,,,,,,,,,,,,,,,,,,,,,,,,,,,,,,,,,,,,,,,,,,,,,,,,,,,,,,,,
,7,,,,,,2,,2200,,,7,132,,,120000,,,,,,,130,,,,,,,,,,,,,,,,,,,,,,,,,,,,,,,,,,,,,,,,,,,,,,,,,,,,,,16000,,,,,,,,,,,,,,,,,,,,,,,,,,,,,,,,,,,,,,,,,,,,,,,,,,,,,,,,,,,,,,,,,,,,,,,,,,,,,,,,,,,,,,,,,,,,,,,,,,,,,,,,,,,,,
,8,,,,,,2,,2300,,,8,144,,,135000,,,,,,,135,,,,,,,,,,,,,,,,,,,,,,,,,,,,,,,,,,,,,,,,,,,,,,,,,,,,,,17000,,,,,,,,,,,,,,,,,,,,,,,,,,,,,,,,,,,,,,,,,,,,,,,,,,,,,,,,,,,,,,,,,,,,,,,,,,,,,,,,,,,,,,,,,,,,,,,,,,,,,,,,,,,,,
,9,,,,,,2,,2400,,,9,156,,,150000,,,,,,,140,,,,,,,,,,,,,,,,,,,,,,,,,,,,,,,,,,,,,,,,,,,,,,,,,,,,,,18000,,,,,,,,,,,,,,,,,,,,,,,,,,,,,,,,,,,,,,,,,,,,,,,,,,,,,,,,,,,,,,,,,,,,,,,,,,,,,,,,,,,,,,,,,,,,,,,,,,,,,,,,,,,,,
,10,,,,,,2,,2500,,,10,168,,,165000,,,,,,,145,,,,,,,,,,,,,,,,,,,,,,,,,,,,,,,,,,,,,,,,,,,,,,,,,,,,,,19000,,,,,,,,,,,,,,,,,,,,,,,,,,,,,,,,,,,,,,,,,,,,,,,,,,,,,,,,,,,,,,,,,,,,,,,,,,,,,,,,,,,,,,,,,,,,,,,,,,,,,,,,,,,,,
,11,,,,,,9,,2600,,,11,192,,,180000,,,,,,,150,,,,,,,,,,,,,,,,,,,,,,,,,,,,,,,,,,,,,,,,,,,,,,,,,,,,,,20000,,,,,,,,,,,,,,,,,,,,,,,,,,,,,,,,,,,,,,,,,,,,,,,,,,,,,,,,,,,,,,,,,,,,,,,,,,,,,,,,,,,,,,,,,,,,,,,,,,,,,,,,,,,,,
,12,,,,,,9,,2700,,,12,192,,,195000,,,,,,,155,,,,,,,,,,,,,,,,,,,,,,,,,,,,,,,,,,,,,,,,,,,,,,,,,,,,,,21000,,,,,,,,,,,,,,,,,,,,,,,,,,,,,,,,,,,,,,,,,,,,,,,,,,,,,,,,,,,,,,,,,,,,,,,,,,,,,,,,,,,,,,,,,,,,,,,,,,,,,,,,,,,,,
,13,,,,,,9,,2800,,,13,192,,,210000,,,,,,,160,,,,,,,,,,,,,,,,,,,,,,,,,,,,,,,,,,,,,,,,,,,,,,,,,,,,,,22000,,,,,,,,,,,,,,,,,,,,,,,,,,,,,,,,,,,,,,,,,,,,,,,,,,,,,,,,,,,,,,,,,,,,,,,,,,,,,,,,,,,,,,,,,,,,,,,,,,,,,,,,,,,,,
,14,,,,,,9,,2900,,,14,192,,,225000,,,,,,,165,,,,,,,,,,,,,,,,,,,,,,,,,,,,,,,,,,,,,,,,,,,,,,,,,,,,,,23000,,,,,,,,,,,,,,,,,,,,,,,,,,,,,,,,,,,,,,,,,,,,,,,,,,,,,,,,,,,,,,,,,,,,,,,,,,,,,,,,,,,,,,,,,,,,,,,,,,,,,,,,,,,,,
,15,,,,,,9,,3000,,,15,,,,,,,,,,,170,,,,,,,,,,,,,,,,,,,,,,,,,,,,,,,,,,,,,,,,,,,,,,,,,,,,,,24000,,,,,,,,,,,,,,,,,,,,,,,,,,,,,,,,,,,,,,,,,,,,,,,,,,,,,,,,,,,,,,,,,,,,,,,,,,,,,,,,,,,,,,,,,,,,,,,,,,,,,,,,,,,,,
"Unipony",1,,"TID_PET_HEALER","TID_PET_HEALER_INFO",20,,4,200,1400,999,"DarkElixir",1,36,,"DarkElixir",50000,20,,,250,1000,,-50,1,,,,"sc/ui.sc","icon_unit_pet_unipony","unit_pet_unicorn_big","sc/info_pet_unicorn.sc","hero_art_pet_unicorn","sc/ui.sc","UnicornHealEnergy",,,,,"Pony Deploy","Pony Attack",,"Unicorn Hit",,"FALSE","TRUE","TRUE",,"Pony Die",,"PetUnicornDefault",,"TRUE",,50,,,,,,"TRUE",,,,,,,,,,,,,,,100,,10000,,,,,,,,,,,,,,,,,,,,,,-50,,,,,,,,,,300,400,,"TRUE",,,,,,,,,,,,,,,,,,,,,,,,,,,,,,,,,,,,,,,,,,,,,,,,,,,,100,,,,,,,"UniponyPlaceholderAbility","1",,0,"PetUnicornDefault",100,,,,,,,,"Pet2",,"TRUE"
,2,,,,,,4,,1450,,,2,48,,,65000,,,,,,,-53,,,,,,,,,,,,,,,,,,,,,,,,,,,,,,,,,,,,,,,,,,,,,,,,,,,,,,11000,,,,,,,,,,,,,,,,,,,,,,,,,,,,,,,,,,,,,,,,,,,,,,,,,,,,,,,,,,,,,,,,,,,,,,,,,,,,,,,,,,,,,,,100,,,,,,,,,,,,,,,,,,,,,,
,3,,,,,,4,,1500,,,3,72,,,80000,,,,,,,-56,,,,,,,,,,,,,,,,,,,,,,,,,,,,,,,,,,,,,,,,,,,,,,,,,,,,,,12000,,,,,,,,,,,,,,,,,,,,,,,,,,,,,,,,,,,,,,,,,,,,,,,,,,,,,,,,,,,,,,,,,,,,,,,,,,,,,,,,,,,,,,,100,,,,,,,,,,,,,,,,,,,,,,
,4,,,,,,4,,1550,,,4,96,,,95000,,,,,,,-58,,,,,,,,,,,,,,,,,,,,,,,,,,,,,,,,,,,,,,,,,,,,,,,,,,,,,,13000,,,,,,,,,,,,,,,,,,,,,,,,,,,,,,,,,,,,,,,,,,,,,,,,,,,,,,,,,,,,,,,,,,,,,,,,,,,,,,,,,,,,,,,100,,,,,,,,,,,,,,,,,,,,,,
,5,,,,,,4,,1600,,,5,108,,,110000,,,,,,,-60,,,,,,,,,,,,,,,,,,,,,,,,,,,,,,,,,,,,,,,,,,,,,,,,,,,,,,14000,,,,,,,,,,,,,,,,,,,,,,,,,,,,,,,,,,,,,,,,,,,,,,,,,,,,,,,,,,,,,,,,,,,,,,,,,,,,,,,,,,,,,,,100,,,,,,,,,,,,,,,,,,,,,,
,6,,,,,,4,,1675,,,6,120,,,125000,,,,,,,-62,,,,,,,,,,,,,,,,,,,,,,,,,,,,,,,,,,,,,,,,,,,,,,,,,,,,,,15000,,,,,,,,,,,,,,,,,,,,,,,,,,,,,,,,,,,,,,,,,,,,,,,,,,,,,,,,,,,,,,,,,,,,,,,,,,,,,,,,,,,,,,,100,,,,,,,,,,,,,,,,,,,,,,
,7,,,,,,4,,1725,,,7,132,,,140000,,,,,,,-64,,,,,,,,,,,,,,,,,,,,,,,,,,,,,,,,,,,,,,,,,,,,,,,,,,,,,,16000,,,,,,,,,,,,,,,,,,,,,,,,,,,,,,,,,,,,,,,,,,,,,,,,,,,,,,,,,,,,,,,,,,,,,,,,,,,,,,,,,,,,,,,100,,,,,,,,,,,,,,,,,,,,,,
,8,,,,,,4,,1800,,,8,144,,,155000,,,,,,,-66,,,,,,,,,,,,,,,,,,,,,,,,,,,,,,,,,,,,,,,,,,,,,,,,,,,,,,17000,,,,,,,,,,,,,,,,,,,,,,,,,,,,,,,,,,,,,,,,,,,,,,,,,,,,,,,,,,,,,,,,,,,,,,,,,,,,,,,,,,,,,,,100,,,,,,,,,,,,,,,,,,,,,,
,9,,,,,,4,,1875,,,9,156,,,170000,,,,,,,-68,,,,,,,,,,,,,,,,,,,,,,,,,,,,,,,,,,,,,,,,,,,,,,,,,,,,,,18000,,,,,,,,,,,,,,,,,,,,,,,,,,,,,,,,,,,,,,,,,,,,,,,,,,,,,,,,,,,,,,,,,,,,,,,,,,,,,,,,,,,,,,,100,,,,,,,,,,,,,,,,,,,,,,
,10,,,,,,4,,1950,,,10,168,,,200000,,,,,,,-70,,,,,,,,,,,,,,,,,,,,,,,,,,,,,,,,,,,,,,,,,,,,,,,,,,,,,,19000,,,,,,,,,,,,,,,,,,,,,,,,,,,,,,,,,,,,,,,,,,,,,,,,,,,,,,,,,,,,,,,,,,,,,,,,,,,,,,,,,,,,,,,100,,,,,,,,,,,,,,,,,,,,,,
,11,,,,,,11,,2025,,,11,192,,,230000,,,,,,,-71,,,,,,,,,,,,,,,,,,,,,,,,,,,,,,,,,,,,,,,,,,,,,,,,,,,,,,20000,,,,,,,,,,,,,,,,,,,,,,,,,,,,,,,,,,,,,,,,,,,,,,,,,,,,,,,,,,,,,,,,,,,,,,,,,,,,,,,,,,,,,,,100,,,,,,,,,,,,,,,,,,,,,,
,12,,,,,,11,,2100,,,12,192,,,260000,,,,,,,-72,,,,,,,,,,,,,,,,,,,,,,,,,,,,,,,,,,,,,,,,,,,,,,,,,,,,,,21000,,,,,,,,,,,,,,,,,,,,,,,,,,,,,,,,,,,,,,,,,,,,,,,,,,,,,,,,,,,,,,,,,,,,,,,,,,,,,,,,,,,,,,,100,,,,,,,,,,,,,,,,,,,,,,
,13,,,,,,11,,2175,,,13,192,,,290000,,,,,,,-73,,,,,,,,,,,,,,,,,,,,,,,,,,,,,,,,,,,,,,,,,,,,,,,,,,,,,,22000,,,,,,,,,,,,,,,,,,,,,,,,,,,,,,,,,,,,,,,,,,,,,,,,,,,,,,,,,,,,,,,,,,,,,,,,,,,,,,,,,,,,,,,100,,,,,,,,,,,,,,,,,,,,,,
,14,,,,,,11,,2250,,,14,192,,,320000,,,,,,,-74,,,,,,,,,,,,,,,,,,,,,,,,,,,,,,,,,,,,,,,,,,,,,,,,,,,,,,23000,,,,,,,,,,,,,,,,,,,,,,,,,,,,,,,,,,,,,,,,,,,,,,,,,,,,,,,,,,,,,,,,,,,,,,,,,,,,,,,,,,,,,,,100,,,,,,,,,,,,,,,,,,,,,,
,15,,,,,,11,,2325,,,15,,,,,,,,,,,-75,,,,,,,,,,,,,,,,,,,,,,,,,,,,,,,,,,,,,,,,,,,,,,,,,,,,,,24000,,,,,,,,,,,,,,,,,,,,,,,,,,,,,,,,,,,,,,,,,,,,,,,,,,,,,,,,,,,,,,,,,,,,,,,,,,,,,,,,,,,,,,,100,,,,,,,,,,,,,,,,,,,,,,
"Phoenix",1,,"TID_PET_PHOENIX","TID_PET_PHOENIX_INFO",20,,8,200,3120,120,"DarkElixir",1,36,,"DarkElixir",80000,20,,,250,1000,,178,,30,,,"sc/ui.sc","icon_unit_pet_phoenix","unit_pet_phoenix_big","sc/info_pet_phoenix.sc","hero_art_pet_phoenix","sc/ui.sc","PhoenixProjectile",,,,,"Phoenix Deploy","Phoenix Attack",,"Dragon Hit",,"TRUE","TRUE","TRUE",,"Phoenix Die",,"PhoenixDefault",,"FALSE",,15,,,,,,"TRUE",,,,,,,,,,,,,,,576,,15000,,,,,,,,,,,,,,,,,,,,,,60,,,,,,,,,,300,400,,"TRUE",,,,,,,,,,,,,,,,,,,,,,,,,,,,,,,,,,,,,,,,,,,,,,,,,,,,,,,,,,,"PhoenixSpawnAbility;SpawnPhoenixEggAbility","1;1",,0,"PetPhoenixDefault",400000,,,,,"TRUE","TRUE",,"PetPhoenix",,"TRUE"
,2,,,,,,8,,3240,,,2,48,,,95000,,,,,,,186,,,,,,,,,,,,,,,,,,,,,,,,,,,,,,,,,,,,,,,,,,,,,,,,,,,,,,16000,,,,,,,,,,,,,,,,,,,,,,,,,,,,,,,,,,,,,,,,,,,,,,,,,,,,,,,,,,,,,,,,,,,,,,,,,,,,,,,,,,,,,,,,,,,,,,,"1;1",,,,,,,,,,,,,,
,3,,,,,,8,,3360,,,3,72,,,110000,,,,,,,194,,,,,,,,,,,,,,,,,,,,,,,,,,,,,,,,,,,,,,,,,,,,,,,,,,,,,,17000,,,,,,,,,,,,,,,,,,,,,,,,,,,,,,,,,,,,,,,,,,,,,,,,,,,,,,,,,,,,,,,,,,,,,,,,,,,,,,,,,,,,,,,,,,,,,,,"1;1",,,,,,,,,,,,,,
,4,,,,,,8,,3480,,,4,96,,,125000,,,,,,,202,,,,,,,,,,,,,,,,,,,,,,,,,,,,,,,,,,,,,,,,,,,,,,,,,,,,,,18000,,,,,,,,,,,,,,,,,,,,,,,,,,,,,,,,,,,,,,,,,,,,,,,,,,,,,,,,,,,,,,,,,,,,,,,,,,,,,,,,,,,,,,,,,,,,,,,"1;1",,,,,,,,,,,,,,
,5,,,,,,8,,3600,,,5,108,,,140000,,,,,,,210,,,,,,,,,,,,,,,,,,,,,,,,,,,,,,,,,,,,,,,,,,,,,,,,,,,,,,19000,,,,,,,,,,,,,,,,,,,,,,,,,,,,,,,,,,,,,,,,,,,,,,,,,,,,,,,,,,,,,,,,,,,,,,,,,,,,,,,,,,,,,,,,,,,,,,,"2;1",,,,,,,,,,,,,,
,6,,,,,,8,,3720,,,6,120,,,155000,,,,,,,218,,,,,,,,,,,,,,,,,,,,,,,,,,,,,,,,,,,,,,,,,,,,,,,,,,,,,,20000,,,,,,,,,,,,,,,,,,,,,,,,,,,,,,,,,,,,,,,,,,,,,,,,,,,,,,,,,,,,,,,,,,,,,,,,,,,,,,,,,,,,,,,,,,,,,,,"2;1",,,,,,,,,,,,,,
,7,,,,,,8,,3840,,,7,132,,,170000,,,,,,,226,,,,,,,,,,,,,,,,,,,,,,,,,,,,,,,,,,,,,,,,,,,,,,,,,,,,,,21000,,,,,,,,,,,,,,,,,,,,,,,,,,,,,,,,,,,,,,,,,,,,,,,,,,,,,,,,,,,,,,,,,,,,,,,,,,,,,,,,,,,,,,,,,,,,,,,"2;1",,,,,,,,,,,,,,
,8,,,,,,8,,3960,,,8,144,,,180000,,,,,,,234,,,,,,,,,,,,,,,,,,,,,,,,,,,,,,,,,,,,,,,,,,,,,,,,,,,,,,22000,,,,,,,,,,,,,,,,,,,,,,,,,,,,,,,,,,,,,,,,,,,,,,,,,,,,,,,,,,,,,,,,,,,,,,,,,,,,,,,,,,,,,,,,,,,,,,,"2;1",,,,,,,,,,,,,,
,9,,,,,,8,,4080,,,9,156,,,190000,,,,,,,242,,,,,,,,,,,,,,,,,,,,,,,,,,,,,,,,,,,,,,,,,,,,,,,,,,,,,,23000,,,,,,,,,,,,,,,,,,,,,,,,,,,,,,,,,,,,,,,,,,,,,,,,,,,,,,,,,,,,,,,,,,,,,,,,,,,,,,,,,,,,,,,,,,,,,,,"2;1",,,,,,,,,,,,,,
,10,,,,,,8,,4200,,,10,,,,,,,,,,,250,,,,,,,,,,,,,,,,,,,,,,,,,,,,,,,,,,,,,,,,,,,,,,,,,,,,,,24000,,,,,,,,,,,,,,,,,,,,,,,,,,,,,,,,,,,,,,,,,,,,,,,,,,,,,,,,,,,,,,,,,,,,,,,,,,,,,,,,,,,,,,,,,,,,,,,"3;1",,,,,,,,,,,,,,
"PhoenixEgg",1,,"TID_PET_PHOENIX","TID_PET_PHOENIX_INFO",20,,8,300,8000,360,"DarkElixir",1,1,,"DarkElixir",200000,20,,,200,3000,,0,,,,,"sc/ui.sc","icon_unit_pet_phoenix","unit_pet_phoenix_big","sc/info_pet_phoenix.sc","hero_art_pet_phoenix","sc/ui.sc",,"PhoenixResurrect",,,,"Phoenix_Egg_Deploy","Phoenix_Egg_Attack",,"Phoenix_Egg_Hit",,"FALSE","TRUE","TRUE",,"Bdragon Die",,"PhoenixEggDefault",,"TRUE",,0,,,,,,"TRUE",,"TRUE",,0,,,,,,,,,,,100,,,,,,,,,,,,,,,,,,,,,,,,-50,,,,,,,,,,0,0,,"FALSE",,,,,,,,,,,,,,,,,,,,,,,,,,,,,,,,,,,,,,,,,,,,"TRUE",,,,,,,,,,,,,,,"PhoenixEggInvulnerableAbility","1",,0,"PetPhoenixEggDefault",100,1,"ResurrectHero","TroopImmortality",,,,"TRUE",,,"TRUE"
,2,,,,,,8,,8100,,,1,1,,,,,,,,,,0,,,,,,,,,,,,,,,,,,,,,,,,,,,,,,,,,,,,,,,,,,,,,,,,,,,,,,,,,,,,,,,,,,,,,,,,,,,,,,,,,,,,,,,,,,,,,,,,,,,,,,,,,,,,,,,,,,,,,,,,,,,,,,,,,,,,,,,,,,,,,,,,,,,,,,,,,,1,,,,,,,,,
,3,,,,,,8,,8200,,,1,1,,,,,,,,,,0,,,,,,,,,,,,,,,,,,,,,,,,,,,,,,,,,,,,,,,,,,,,,,,,,,,,,,,,,,,,,,,,,,,,,,,,,,,,,,,,,,,,,,,,,,,,,,,,,,,,,,,,,,,,,,,,,,,,,,,,,,,,,,,,,,,,,,,,,,,,,,,,,,,,,,,,,,1,,,,,,,,,
,4,,,,,,8,,8300,,,1,1,,,,,,,,,,0,,,,,,,,,,,,,,,,,,,,,,,,,,,,,,,,,,,,,,,,,,,,,,,,,,,,,,,,,,,,,,,,,,,,,,,,,,,,,,,,,,,,,,,,,,,,,,,,,,,,,,,,,,,,,,,,,,,,,,,,,,,,,,,,,,,,,,,,,,,,,,,,,,,,,,,,,,1,,,,,,,,,
,5,,,,,,8,,8400,,,1,1,,,,,,,,,,0,,,,,,,,,,,,,,,,,,,,,,,,,,,,,,,,,,,,,,,,,,,,,,,,,,,,,,,,,,,,,,,,,,,,,,,,,,,,,,,,,,,,,,,,,,,,,,,,,,,,,,,,,,,,,,,,,,,,,,,,,,,,,,,,,,,,,,,,,,,,,,,,,,,,,,,,,,2,,,,,,,,,
,6,,,,,,8,,8500,,,1,1,,,,,,,,,,0,,,,,,,,,,,,,,,,,,,,,,,,,,,,,,,,,,,,,,,,,,,,,,,,,,,,,,,,,,,,,,,,,,,,,,,,,,,,,,,,,,,,,,,,,,,,,,,,,,,,,,,,,,,,,,,,,,,,,,,,,,,,,,,,,,,,,,,,,,,,,,,,,,,,,,,,,,2,,,,,,,,,
,7,,,,,,8,,8600,,,1,1,,,,,,,,,,0,,,,,,,,,,,,,,,,,,,,,,,,,,,,,,,,,,,,,,,,,,,,,,,,,,,,,,,,,,,,,,,,,,,,,,,,,,,,,,,,,,,,,,,,,,,,,,,,,,,,,,,,,,,,,,,,,,,,,,,,,,,,,,,,,,,,,,,,,,,,,,,,,,,,,,,,,,2,,,,,,,,,
,8,,,,,,8,,8700,,,1,1,,,,,,,,,,0,,,,,,,,,,,,,,,,,,,,,,,,,,,,,,,,,,,,,,,,,,,,,,,,,,,,,,,,,,,,,,,,,,,,,,,,,,,,,,,,,,,,,,,,,,,,,,,,,,,,,,,,,,,,,,,,,,,,,,,,,,,,,,,,,,,,,,,,,,,,,,,,,,,,,,,,,,2,,,,,,,,,
,9,,,,,,8,,8800,,,1,1,,,,,,,,,,0,,,,,,,,,,,,,,,,,,,,,,,,,,,,,,,,,,,,,,,,,,,,,,,,,,,,,,,,,,,,,,,,,,,,,,,,,,,,,,,,,,,,,,,,,,,,,,,,,,,,,,,,,,,,,,,,,,,,,,,,,,,,,,,,,,,,,,,,,,,,,,,,,,,,,,,,,,2,,,,,,,,,
,10,,,,,,8,,8900,,,1,1,,,,,,,,,,0,,,,,,,,,,,,,,,,,,,,,,,,,,,,,,,,,,,,,,,,,,,,,,,,,,,,,,,,,,,,,,,,,,,,,,,,,,,,,,,,,,,,,,,,,,,,,,,,,,,,,,,,,,,,,,,,,,,,,,,,,,,,,,,,,,,,,,,,,,,,,,,,,,,,,,,,,,3,,,,,,,,,
"Stork",1,"TRUE","TID_PET_HEALER","TID_PET_RANGEDATTACKER_INFO",20,,1,250,4800,360,"DarkElixir",1,,,"DarkElixir",,20,,,50,1600,,120,,,,,"sc/ui.sc","icon_unit_tiny","unit_tiny_big","sc/info_tiny.sc",,,"hound_projectile",,,"Defense",,"Tiny Deploy","Tiny Attack",,"Tiny Hit",,"TRUE","TRUE","TRUE",,"Tiny Die",,"Eagle",,"FALSE",,30,,,,,,"TRUE",,,,,,,,,,,,,,,100,,,,,,,,,,,,,,,,,,,,,,,,60,,,,,,,,,,300,400,,,,,,,,,,,,,,,,,,,,,,,,,,,,,,,,,,,,,,,,,,,,,,,,,,,,,,,,,,,,,,,,0,,100,,,,"TRUE",,,,,,"TRUE"
"Poison Lizard",1,,"TID_PET_POISON_LIZARD","TID_PET_POISON_LIZARD_INFO",20,,7,450,1250,999,"DarkElixir",1,24,,"DarkElixir",60000,20,,,350,350,,181,1,,,,"sc/ui.sc","icon_unit_pet_poison_lizard","unit_pet_poison_lizard_big","sc/info_pet_poison_lizard.sc","hero_art_pet_lizard","sc/ui.sc","fireIguanaProto",,,,,"Poison Lizard Deploy","Poison Lizard Attack",,,,"FALSE","TRUE","TRUE",,"Poison Lizard Die",,"PoisonIguanaDefault",,"TRUE",,0,,,,,,"TRUE",,,,,,,,,,,,,,,100,,15000,,,,,,,,,,,,,,,,,,,,,,-50,,,,,,,,,,300,400,,"FALSE",,,,,,,,,,,,,,,,,,,,,,,,,,,,,,,,,,,,,,,,,,,,,,,,,,,,100,,,,,"TRUE",,"LizardPetPoison","1",,400,"PetPoisonIguanaDefault",100,,,,,"TRUE",,,"PetPoisonLizard","HitPoints;DamagePerSecond;PreferredTargetType;DamageType;TargetType;HousingSpace;MovementSpeed;DamagePoison;SpeedDecrease;AttackSpeed","TRUE"
,2,,,,,,7,,1300,,,2,36,,,75000,,,,,,,192,,,,,,,,,,,,,,,,,,,,,,,,,,,,,,,,,,,,,,,,,,,,,,,,,,,,,,16000,,,,,,,,,,,,,,,,,,,,,,,,,,,,,,,,,,,,,,,,,,,,,,,,,,,,,,,,,,,,,,,,,,,,,,,,,,,,,,,,,,,,,,,,,,,,,,,"1",,,,,,,,,,,,,,
,3,,,,,,7,,1350,,,3,48,,,90000,,,,,,,203,,,,,,,,,,,,,,,,,,,,,,,,,,,,,,,,,,,,,,,,,,,,,,,,,,,,,,17000,,,,,,,,,,,,,,,,,,,,,,,,,,,,,,,,,,,,,,,,,,,,,,,,,,,,,,,,,,,,,,,,,,,,,,,,,,,,,,,,,,,,,,,,,,,,,,,"1",,,,,,,,,,,,,,
,4,,,,,,7,,1400,,,4,60,,,100000,,,,,,,214,,,,,,,,,,,,,,,,,,,,,,,,,,,,,,,,,,,,,,,,,,,,,,,,,,,,,,18000,,,,,,,,,,,,,,,,,,,,,,,,,,,,,,,,,,,,,,,,,,,,,,,,,,,,,,,,,,,,,,,,,,,,,,,,,,,,,,,,,,,,,,,,,,,,,,,"1",,,,,,,,,,,,,,
,5,,,,,,7,,1450,,,5,72,,,110000,,,,,,,225,,,,,,,,,,,,,,,,,,,,,,,,,,,,,,,,,,,,,,,,,,,,,,,,,,,,,,19000,,,,,,,,,,,,,,,,,,,,,,,,,,,,,,,,,,,,,,,,,,,,,,,,,,,,,,,,,,,,,,,,,,,,,,,,,,,,,,,,,,,,,,,,,,,,,,,"2",,,,,,,,,,,,,,
,6,,,,,,7,,1500,,,6,84,,,120000,,,,,,,236,,,,,,,,,,,,,,,,,,,,,,,,,,,,,,,,,,,,,,,,,,,,,,,,,,,,,,19500,,,,,,,,,,,,,,,,,,,,,,,,,,,,,,,,,,,,,,,,,,,,,,,,,,,,,,,,,,,,,,,,,,,,,,,,,,,,,,,,,,,,,,,,,,,,,,,"2",,,,,,,,,,,,,,
,7,,,,,,7,,1550,,,7,96,,,130000,,,,,,,247,,,,,,,,,,,,,,,,,,,,,,,,,,,,,,,,,,,,,,,,,,,,,,,,,,,,,,20000,,,,,,,,,,,,,,,,,,,,,,,,,,,,,,,,,,,,,,,,,,,,,,,,,,,,,,,,,,,,,,,,,,,,,,,,,,,,,,,,,,,,,,,,,,,,,,,"2",,,,,,,,,,,,,,
,8,,,,,,7,,1600,,,8,108,,,140000,,,,,,,258,,,,,,,,,,,,,,,,,,,,,,,,,,,,,,,,,,,,,,,,,,,,,,,,,,,,,,20500,,,,,,,,,,,,,,,,,,,,,,,,,,,,,,,,,,,,,,,,,,,,,,,,,,,,,,,,,,,,,,,,,,,,,,,,,,,,,,,,,,,,,,,,,,,,,,,"2",,,,,,,,,,,,,,
,9,,,,,,7,,1650,,,9,120,,,150000,,,,,,,269,,,,,,,,,,,,,,,,,,,,,,,,,,,,,,,,,,,,,,,,,,,,,,,,,,,,,,21000,,,,,,,,,,,,,,,,,,,,,,,,,,,,,,,,,,,,,,,,,,,,,,,,,,,,,,,,,,,,,,,,,,,,,,,,,,,,,,,,,,,,,,,,,,,,,,,"2",,,,,,,,,,,,,,
,10,,,,,,7,,1700,,,10,144,,,180000,,,,,,,280,,,,,,,,,,,,,,,,,,,,,,,,,,,,,,,,,,,,,,,,,,,,,,,,,,,,,,21500,,,,,,,,,,,,,,,,,,,,,,,,,,,,,,,,,,,,,,,,,,,,,,,,,,,,,,,,,,,,,,,,,,,,,,,,,,,,,,,,,,,,,,,,,,,,,,,"3",,,,,,,,,,,,,,
,11,,,,,,11,,1750,,,11,168,,,200000,,,,,,,291,,,,,,,,,,,,,,,,,,,,,,,,,,,,,,,,,,,,,,,,,,,,,,,,,,,,,,22000,,,,,,,,,,,,,,,,,,,,,,,,,,,,,,,,,,,,,,,,,,,,,,,,,,,,,,,,,,,,,,,,,,,,,,,,,,,,,,,,,,,,,,,,,,,,,,,"3",,,,,,,,,,,,,,
,12,,,,,,11,,1800,,,12,192,,,220000,,,,,,,302,,,,,,,,,,,,,,,,,,,,,,,,,,,,,,,,,,,,,,,,,,,,,,,,,,,,,,22500,,,,,,,,,,,,,,,,,,,,,,,,,,,,,,,,,,,,,,,,,,,,,,,,,,,,,,,,,,,,,,,,,,,,,,,,,,,,,,,,,,,,,,,,,,,,,,,"3",,,,,,,,,,,,,,
,13,,,,,,11,,1850,,,13,192,,,240000,,,,,,,313,,,,,,,,,,,,,,,,,,,,,,,,,,,,,,,,,,,,,,,,,,,,,,,,,,,,,,23000,,,,,,,,,,,,,,,,,,,,,,,,,,,,,,,,,,,,,,,,,,,,,,,,,,,,,,,,,,,,,,,,,,,,,,,,,,,,,,,,,,,,,,,,,,,,,,,"3",,,,,,,,,,,,,,
,14,,,,,,11,,1900,,,14,192,,,260000,,,,,,,324,,,,,,,,,,,,,,,,,,,,,,,,,,,,,,,,,,,,,,,,,,,,,,,,,,,,,,23500,,,,,,,,,,,,,,,,,,,,,,,,,,,,,,,,,,,,,,,,,,,,,,,,,,,,,,,,,,,,,,,,,,,,,,,,,,,,,,,,,,,,,,,,,,,,,,,"3",,,,,,,,,,,,,,
,15,,,,,,11,,1950,,,15,,,,,,,,,,,335,,,,,,,,,,,,,,,,,,,,,,,,,,,,,,,,,,,,,,,,,,,,,,,,,,,,,,24000,,,,,,,,,,,,,,,,,,,,,,,,,,,,,,,,,,,,,,,,,,,,,,,,,,,,,,,,,,,,,,,,,,,,,,,,,,,,,,,,,,,,,,,,,,,,,,,"4",,,,,,,,,,,,,,
"Diggy",1,,"TID_PET_DIGGY","TID_PET_DIGGY_INFO",20,,6,400,3650,120,"DarkElixir",1,36,,"DarkElixir",90000,20,,,80,1100,,105,,,,,"sc/ui.sc","icon_unit_pet_diggy","unit_pet_diggy_big","sc/info_pet_diggy.sc","hero_art_pet_diggy","sc/ui.sc",,,,,,"Diggy Deploy","Diggy Attack",,"Diggy Hit",,"FALSE","FALSE","TRUE",,"Diggy Die",,"DiggyDefault",,"FALSE",,0,,,,,,"TRUE",,,,,,,,,,,,,,,768,,15000,,,,,,,,,,,,,,,,,,,,,,-50,,,,,,,,"TRUE",,300,400,,"TRUE",,,,,,,,,,"Diggy Move",,"Diggy Appear",,,,,"Diggy Hide",,,,,,,,,,,,,,,,,,,,,,,,,,,,,,,,,,,,,,,,,,"DiggyStunOnSurface","1",,0,"PetDiggyDefault",100,1,"SwitchHero",,,"TRUE",,,"Pet1","HitPoints;DamagePerSecond;PreferredTargetType;DamageType;TargetType;HousingSpace;MovementSpeed;StunTime","TRUE"
,2,,,,,,6,,3800,,,2,48,,,105000,,,,,,,110,,,,,,,,,,,,,,,,,,,,,,,,,,,,,,,,,,,,,,,,,,,,,,,,,,,,,,16000,,,,,,,,,,,,,,,,,,,,,,,,,,,,,,,,,,,,,,,,,,,,,,,,,,,,,,,,,,,,,,,,,,,,,,,,,,,,,,,,,,,,,,,,,,,,,,,"1",,,,,,,,,,,,,,
,3,,,,,,6,,3950,,,3,72,,,120000,,,,,,,115,,,,,,,,,,,,,,,,,,,,,,,,,,,,,,,,,,,,,,,,,,,,,,,,,,,,,,17000,,,,,,,,,,,,,,,,,,,,,,,,,,,,,,,,,,,,,,,,,,,,,,,,,,,,,,,,,,,,,,,,,,,,,,,,,,,,,,,,,,,,,,,,,,,,,,,"1",,,,,,,,,,,,,,
,4,,,,,,6,,4100,,,4,96,,,130000,,,,,,,120,,,,,,,,,,,,,,,,,,,,,,,,,,,,,,,,,,,,,,,,,,,,,,,,,,,,,,18000,,,,,,,,,,,,,,,,,,,,,,,,,,,,,,,,,,,,,,,,,,,,,,,,,,,,,,,,,,,,,,,,,,,,,,,,,,,,,,,,,,,,,,,,,,,,,,,"1",,,,,,,,,,,,,,
,5,,,,,,6,,4250,,,5,108,,,140000,,,,,,,125,,,,,,,,,,,,,,,,,,,,,,,,,,,,,,,,,,,,,,,,,,,,,,,,,,,,,,19000,,,,,,,,,,,,,,,,,,,,,,,,,,,,,,,,,,,,,,,,,,,,,,,,,,,,,,,,,,,,,,,,,,,,,,,,,,,,,,,,,,,,,,,,,,,,,,,"2",,,,,,,,,,,,,,
,6,,,,,,6,,4400,,,6,120,,,150000,,,,,,,130,,,,,,,,,,,,,,,,,,,,,,,,,,,,,,,,,,,,,,,,,,,,,,,,,,,,,,20000,,,,,,,,,,,,,,,,,,,,,,,,,,,,,,,,,,,,,,,,,,,,,,,,,,,,,,,,,,,,,,,,,,,,,,,,,,,,,,,,,,,,,,,,,,,,,,,"2",,,,,,,,,,,,,,
,7,,,,,,6,,4550,,,7,132,,,160000,,,,,,,135,,,,,,,,,,,,,,,,,,,,,,,,,,,,,,,,,,,,,,,,,,,,,,,,,,,,,,21000,,,,,,,,,,,,,,,,,,,,,,,,,,,,,,,,,,,,,,,,,,,,,,,,,,,,,,,,,,,,,,,,,,,,,,,,,,,,,,,,,,,,,,,,,,,,,,,"2",,,,,,,,,,,,,,
,8,,,,,,6,,4700,,,8,144,,,170000,,,,,,,140,,,,,,,,,,,,,,,,,,,,,,,,,,,,,,,,,,,,,,,,,,,,,,,,,,,,,,22000,,,,,,,,,,,,,,,,,,,,,,,,,,,,,,,,,,,,,,,,,,,,,,,,,,,,,,,,,,,,,,,,,,,,,,,,,,,,,,,,,,,,,,,,,,,,,,,"2",,,,,,,,,,,,,,
,9,,,,,,6,,4850,,,9,156,,,180000,,,,,,,145,,,,,,,,,,,,,,,,,,,,,,,,,,,,,,,,,,,,,,,,,,,,,,,,,,,,,,23000,,,,,,,,,,,,,,,,,,,,,,,,,,,,,,,,,,,,,,,,,,,,,,,,,,,,,,,,,,,,,,,,,,,,,,,,,,,,,,,,,,,,,,,,,,,,,,,"2",,,,,,,,,,,,,,
,10,,,,,,6,,5000,,,10,,,,,,,,,,,150,,,,,,,,,,,,,,,,,,,,,,,,,,,,,,,,,,,,,,,,,,,,,,,,,,,,,,24000,,,,,,,,,,,,,,,,,,,,,,,,,,,,,,,,,,,,,,,,,,,,,,,,,,,,,,,,,,,,,,,,,,,,,,,,,,,,,,,,,,,,,,,,,,,,,,,"3",,,,,,,,,,,,,,
"Frosty",1,,"TID_PET_FROSTY","TID_PET_FROSTY_INFO",20,,5,300,2350,999,"DarkElixir",1,36,,"DarkElixir",70000,20,,,350,1200,,94,,,,,"sc/ui.sc","icon_unit_pet_frosty","unit_pet_frosty_big","sc/info_pet_frosty.sc","hero_art_pet_frosty","sc/ui.sc","Frosty_projectile",,,,,"Frosty Deploy","Frosty Attack",,"IceWizard Hit1",,"FALSE","TRUE","TRUE",,"Frosty Die",,"FrostyDefault",,"TRUE",,0,,,,,,"TRUE",,,,150,,,,"Icemite",1,,8000,"Frosty Summon",4,,100,,15000,,,,,,,,,,,,,,,,,,,,,,-50,,,,,,,,,,300,400,,"TRUE",,,,,,,,,,,,,,,,,,,,,,,,,,,,,,,,,,,,,,,,,,4000,50,,,,,,,,,,,,,,,,"FrostyPlaceholderAbility","1",,100,"PetFrostyDefault",100,,,,,,,,"Pet1",,"TRUE"
,2,,,,,,5,,2450,,,2,48,,,85000,,,,,,,98,,,,,,,,,,,,,,,,,,,,,,,,,,,,,,,,,,,,,,,,,,,,,,1,,,,4,,,,16000,,,,,,,,,,,,,,,,,,,,,,,,,,,,,,,,,,,,,,,,,,,,,,,,,,,,,,,,,,,,,,,,,,,,,,,,,,,,,,,,,,,,,,,,,,,,,,,,,,,,,,,,,,,,,
,3,,,,,,5,,2550,,,3,72,,,100000,,,,,,,102,,,,,,,,,,,,,,,,,,,,,,,,,,,,,,,,,,,,,,,,,,,,,,1,,,,4,,,,17000,,,,,,,,,,,,,,,,,,,,,,,,,,,,,,,,,,,,,,,,,,,,,,,,,,,,,,,,,,,,,,,,,,,,,,,,,,,,,,,,,,,,,,,,,,,,,,,,,,,,,,,,,,,,,
,4,,,,,,5,,2650,,,4,96,,,115000,,,,,,,106,,,,,,,,,,,,,,,,,,,,,,,,,,,,,,,,,,,,,,,,,,,,,,1,,,,4,,,,18000,,,,,,,,,,,,,,,,,,,,,,,,,,,,,,,,,,,,,,,,,,,,,,,,,,,,,,,,,,,,,,,,,,,,,,,,,,,,,,,,,,,,,,,,,,,,,,,,,,,,,,,,,,,,,
,5,,,,,,5,,2800,,,5,108,,,130000,,,,,,,110,,,,,,,,,,,,,,,,,,,,,,,,,,,,,,,,,,,,,,,,,,,,,,2,,,,8,,,,19000,,,,,,,,,,,,,,,,,,,,,,,,,,,,,,,,,,,,,,,,,,,,,,,,,,,,,,,,,,,,,,,,,,,,,,,,,,,,,,,,,,,,,,,,,,,,,,,,,,,,,,,,,,,,,
,6,,,,,,5,,2900,,,6,120,,,145000,,,,,,,114,,,,,,,,,,,,,,,,,,,,,,,,,,,,,,,,,,,,,,,,,,,,,,2,,,,8,,,,19500,,,,,,,,,,,,,,,,,,,,,,,,,,,,,,,,,,,,,,,,,,,,,,,,,,,,,,,,,,,,,,,,,,,,,,,,,,,,,,,,,,,,,,,,,,,,,,,,,,,,,,,,,,,,,
,7,,,,,,5,,3000,,,7,132,,,160000,,,,,,,118,,,,,,,,,,,,,,,,,,,,,,,,,,,,,,,,,,,,,,,,,,,,,,2,,,,8,,,,20000,,,,,,,,,,,,,,,,,,,,,,,,,,,,,,,,,,,,,,,,,,,,,,,,,,,,,,,,,,,,,,,,,,,,,,,,,,,,,,,,,,,,,,,,,,,,,,,,,,,,,,,,,,,,,
,8,,,,,,5,,3100,,,8,144,,,170000,,,,,,,122,,,,,,,,,,,,,,,,,,,,,,,,,,,,,,,,,,,,,,,,,,,,,,2,,,,8,,,,20500,,,,,,,,,,,,,,,,,,,,,,,,,,,,,,,,,,,,,,,,,,,,,,,,,,,,,,,,,,,,,,,,,,,,,,,,,,,,,,,,,,,,,,,,,,,,,,,,,,,,,,,,,,,,,
,9,,,,,,5,,3200,,,9,156,,,180000,,,,,,,126,,,,,,,,,,,,,,,,,,,,,,,,,,,,,,,,,,,,,,,,,,,,,,2,,,,8,,,,21000,,,,,,,,,,,,,,,,,,,,,,,,,,,,,,,,,,,,,,,,,,,,,,,,,,,,,,,,,,,,,,,,,,,,,,,,,,,,,,,,,,,,,,,,,,,,,,,,,,,,,,,,,,,,,
,10,,,,,,5,,3300,,,10,168,,,200000,,,,,,,130,,,,,,,,,,,,,,,,,,,,,,,,,,,,,,,,,,,,,,,,,,,,,,2,,,,10,,,,21500,,,,,,,,,,,,,,,,,,,,,,,,,,,,,,,,,,,,,,,,,,,,,,,,,,,,,,,,,,,,,,,,,,,,,,,,,,,,,,,,,,,,,,,,,,,,,,,,,,,,,,,,,,,,,
,11,,,,,,11,,3400,,,11,192,,,230000,,,,,,,134,,,,,,,,,,,,,,,,,,,,,,,,,,,,,,,,,,,,,,,,,,,,,,2,,,,10,,,,22000,,,,,,,,,,,,,,,,,,,,,,,,,,,,,,,,,,,,,,,,,,,,,,,,,,,,,,,,,,,,,,,,,,,,,,,,,,,,,,,,,,,,,,,,,,,,,,,,,,,,,,,,,,,,,
,12,,,,,,11,,3500,,,12,192,,,260000,,,,,,,138,,,,,,,,,,,,,,,,,,,,,,,,,,,,,,,,,,,,,,,,,,,,,,2,,,,10,,,,22500,,,,,,,,,,,,,,,,,,,,,,,,,,,,,,,,,,,,,,,,,,,,,,,,,,,,,,,,,,,,,,,,,,,,,,,,,,,,,,,,,,,,,,,,,,,,,,,,,,,,,,,,,,,,,
,13,,,,,,11,,3600,,,13,192,,,290000,,,,,,,142,,,,,,,,,,,,,,,,,,,,,,,,,,,,,,,,,,,,,,,,,,,,,,2,,,,10,,,,23000,,,,,,,,,,,,,,,,,,,,,,,,,,,,,,,,,,,,,,,,,,,,,,,,,,,,,,,,,,,,,,,,,,,,,,,,,,,,,,,,,,,,,,,,,,,,,,,,,,,,,,,,,,,,,
,14,,,,,,11,,3700,,,14,192,,,320000,,,,,,,146,,,,,,,,,,,,,,,,,,,,,,,,,,,,,,,,,,,,,,,,,,,,,,2,,,,10,,,,23500,,,,,,,,,,,,,,,,,,,,,,,,,,,,,,,,,,,,,,,,,,,,,,,,,,,,,,,,,,,,,,,,,,,,,,,,,,,,,,,,,,,,,,,,,,,,,,,,,,,,,,,,,,,,,
,15,,,,,,11,,3800,,,15,,,,,,,,,,,150,,,,,,,,,,,,,,,,,,,,,,,,,,,,,,,,,,,,,,,,,,,,,,3,,,,12,,,,24000,,,,,,,,,,,,,,,,,,,,,,,,,,,,,,,,,,,,,,,,,,,,,,,,,,,,,,,,,,,,,,,,,,,,,,,,,,,,,,,,,,,,,,,,,,,,,,,,,,,,,,,,,,,,,
"Phase Fennec",1,,"TID_PET_SPIRIT_FOX","TID_PET_SPIRIT_FOX_INFO",20,,9,300,1900,999,"DarkElixir",1,72,,"DarkElixir",150000,20,,,250,1600,,108,,,,,"sc/ui.sc","icon_unit_pet_phasefennec","unit_pet_phasefennec_big","sc/info_pet_phasefennec.sc","hero_art_pet_fox","sc/ui.sc","Fennec_projectile",,,,,"Barky Fennec Deploy","Barky Fennec Attack",,"Miner Hit",,"FALSE","FALSE","TRUE",,"Barky Fennec Die",,"FennecDefault",,"TRUE",,0,,,,,,"TRUE",,,,,,,,,,,,,,,100,,15000,,,,,,,,,,,,,,,,,,,,,,-50,,,,,,,,,,300,400,,"TRUE",,,,,,,,,,,,,,,,,,,,,,,,,,,,,,,,,,,,,,,,,,,,,,,,,,,,,,,,,,,"PhaseFennecInvis","1",,200,"PetFennecDefault",100,,,,,,,,"Pet2",,"TRUE"
,2,,,,,,9,,2000,,,2,96,,,160000,,,,,,,116,,,,,,,,,,,,,,,,,,,,,,,,,,,,,,,,,,,,,,,,,,,,,,,,,,,,,,16000,,,,,,,,,,,,,,,,,,,,,,,,,,,,,,,,,,,,,,,,,,,,,,,,,,,,,,,,,,,,,,,,,,,,,,,,,,,,,,,,,,,,,,,,,,,,,,,"1",,,,,,,,,,,,,,
,3,,,,,,9,,2100,,,3,120,,,170000,,,,,,,124,,,,,,,,,,,,,,,,,,,,,,,,,,,,,,,,,,,,,,,,,,,,,,,,,,,,,,17000,,,,,,,,,,,,,,,,,,,,,,,,,,,,,,,,,,,,,,,,,,,,,,,,,,,,,,,,,,,,,,,,,,,,,,,,,,,,,,,,,,,,,,,,,,,,,,,"1",,,,,,,,,,,,,,
,4,,,,,,9,,2200,,,4,132,,,180000,,,,,,,132,,,,,,,,,,,,,,,,,,,,,,,,,,,,,,,,,,,,,,,,,,,,,,,,,,,,,,18000,,,,,,,,,,,,,,,,,,,,,,,,,,,,,,,,,,,,,,,,,,,,,,,,,,,,,,,,,,,,,,,,,,,,,,,,,,,,,,,,,,,,,,,,,,,,,,,"1",,,,,,,,,,,,,,
,5,,,,,,9,,2300,,,5,144,,,190000,,,,,,,140,,,,,,,,,,,,,,,,,,,,,,,,,,,,,,,,,,,,,,,,,,,,,,,,,,,,,,19000,,,,,,,,,,,,,,,,,,,,,,,,,,,,,,,,,,,,,,,,,,,,,,,,,,,,,,,,,,,,,,,,,,,,,,,,,,,,,,,,,,,,,,,,,,,,,,,"2",,,,,,,,,,,,,,
,6,,,,,,9,,2400,,,6,156,,,200000,,,,,,,148,,,,,,,,,,,,,,,,,,,,,,,,,,,,,,,,,,,,,,,,,,,,,,,,,,,,,,20000,,,,,,,,,,,,,,,,,,,,,,,,,,,,,,,,,,,,,,,,,,,,,,,,,,,,,,,,,,,,,,,,,,,,,,,,,,,,,,,,,,,,,,,,,,,,,,,"2",,,,,,,,,,,,,,
,7,,,,,,9,,2500,,,7,168,,,210000,,,,,,,156,,,,,,,,,,,,,,,,,,,,,,,,,,,,,,,,,,,,,,,,,,,,,,,,,,,,,,21000,,,,,,,,,,,,,,,,,,,,,,,,,,,,,,,,,,,,,,,,,,,,,,,,,,,,,,,,,,,,,,,,,,,,,,,,,,,,,,,,,,,,,,,,,,,,,,,"2",,,,,,,,,,,,,,
,8,,,,,,9,,2600,,,8,180,,,220000,,,,,,,164,,,,,,,,,,,,,,,,,,,,,,,,,,,,,,,,,,,,,,,,,,,,,,,,,,,,,,22000,,,,,,,,,,,,,,,,,,,,,,,,,,,,,,,,,,,,,,,,,,,,,,,,,,,,,,,,,,,,,,,,,,,,,,,,,,,,,,,,,,,,,,,,,,,,,,,"2",,,,,,,,,,,,,,
,9,,,,,,9,,2700,,,9,192,,,230000,,,,,,,172,,,,,,,,,,,,,,,,,,,,,,,,,,,,,,,,,,,,,,,,,,,,,,,,,,,,,,23000,,,,,,,,,,,,,,,,,,,,,,,,,,,,,,,,,,,,,,,,,,,,,,,,,,,,,,,,,,,,,,,,,,,,,,,,,,,,,,,,,,,,,,,,,,,,,,,"2",,,,,,,,,,,,,,
,10,,,,,,9,,2800,,,10,,,,,,,,,,,180,,,,,,,,,,,,,,,,,,,,,,,,,,,,,,,,,,,,,,,,,,,,,,,,,,,,,,24000,,,,,,,,,,,,,,,,,,,,,,,,,,,,,,,,,,,,,,,,,,,,,,,,,,,,,,,,,,,,,,,,,,,,,,,,,,,,,,,,,,,,,,,,,,,,,,,"3",,,,,,,,,,,,,,
"Angry Jelly",1,,"TID_PET_ANGRY_JELLY","TID_PET_ANGRY_JELLY_INFO",20,,10,200,1450,999,"DarkElixir",1,72,,"DarkElixir",150000,20,,,500,750,,112,,,,,"sc/ui.sc","icon_unit_pet_rage_jelly","unit_pet_rage_jelly_big","sc/info_pet_rage_jelly.sc","hero_art_pet_jelly","sc/ui.sc",,,,"Defense",,"RageJelly Deploy","RageJelly Attack",,"RageJelly Hit",,"TRUE","TRUE","TRUE",,"RageJelly Die",,"RageJellyDefault",,"FALSE",,0,,,,,,"TRUE",,,,,,,,,,,,,,,100,,15000,,,,,,,,,,,,,,,,,,,,,,60,,,,,,,,,,300,400,,"TRUE",,,,,,,,,,,,,,,,,,,,,,,,,,,,,,,,,,,,,,,,,,,,,,,,,,,,,,,,,,,"AngryJellyAbility","1",,400,"RageJellyDefault",100,,,,,,,,"Pet1",,"TRUE"
,2,,,,,,10,,1525,,,2,96,,,160000,,,,,,,121,,,,,,,,,,,,,,,,,,,,,,,,,,,,,,,,,,,,,,,,,,,,,,,,,,,,,,16000,,,,,,,,,,,,,,,,,,,,,,,,,,,,,,,,,,,,,,,,,,,,,,,,,,,,,,,,,,,,,,,,,,,,,,,,,,,,,,,,,,,,,,,,,,,,,,,"1",,,,,,,,,,,,,,
,3,,,,,,10,,1600,,,3,120,,,170000,,,,,,,130,,,,,,,,,,,,,,,,,,,,,,,,,,,,,,,,,,,,,,,,,,,,,,,,,,,,,,17000,,,,,,,,,,,,,,,,,,,,,,,,,,,,,,,,,,,,,,,,,,,,,,,,,,,,,,,,,,,,,,,,,,,,,,,,,,,,,,,,,,,,,,,,,,,,,,,"1",,,,,,,,,,,,,,
,4,,,,,,10,,1675,,,4,144,,,180000,,,,,,,139,,,,,,,,,,,,,,,,,,,,,,,,,,,,,,,,,,,,,,,,,,,,,,,,,,,,,,18000,,,,,,,,,,,,,,,,,,,,,,,,,,,,,,,,,,,,,,,,,,,,,,,,,,,,,,,,,,,,,,,,,,,,,,,,,,,,,,,,,,,,,,,,,,,,,,,"1",,,,,,,,,,,,,,
,5,,,,,,10,,1750,,,5,168,,,190000,,,,,,,148,,,,,,,,,,,,,,,,,,,,,,,,,,,,,,,,,,,,,,,,,,,,,,,,,,,,,,19000,,,,,,,,,,,,,,,,,,,,,,,,,,,,,,,,,,,,,,,,,,,,,,,,,,,,,,,,,,,,,,,,,,,,,,,,,,,,,,,,,,,,,,,,,,,,,,,"2",,,,,,,,,,,,,,
,6,,,,,,10,,1825,,,6,192,,,200000,,,,,,,157,,,,,,,,,,,,,,,,,,,,,,,,,,,,,,,,,,,,,,,,,,,,,,,,,,,,,,20000,,,,,,,,,,,,,,,,,,,,,,,,,,,,,,,,,,,,,,,,,,,,,,,,,,,,,,,,,,,,,,,,,,,,,,,,,,,,,,,,,,,,,,,,,,,,,,,"2",,,,,,,,,,,,,,
,7,,,,,,10,,1900,,,7,192,,,210000,,,,,,,166,,,,,,,,,,,,,,,,,,,,,,,,,,,,,,,,,,,,,,,,,,,,,,,,,,,,,,21000,,,,,,,,,,,,,,,,,,,,,,,,,,,,,,,,,,,,,,,,,,,,,,,,,,,,,,,,,,,,,,,,,,,,,,,,,,,,,,,,,,,,,,,,,,,,,,,"2",,,,,,,,,,,,,,
,8,,,,,,10,,1975,,,8,192,,,220000,,,,,,,175,,,,,,,,,,,,,,,,,,,,,,,,,,,,,,,,,,,,,,,,,,,,,,,,,,,,,,22000,,,,,,,,,,,,,,,,,,,,,,,,,,,,,,,,,,,,,,,,,,,,,,,,,,,,,,,,,,,,,,,,,,,,,,,,,,,,,,,,,,,,,,,,,,,,,,,"2",,,,,,,,,,,,,,
,9,,,,,,10,,2050,,,9,192,,,230000,,,,,,,184,,,,,,,,,,,,,,,,,,,,,,,,,,,,,,,,,,,,,,,,,,,,,,,,,,,,,,23000,,,,,,,,,,,,,,,,,,,,,,,,,,,,,,,,,,,,,,,,,,,,,,,,,,,,,,,,,,,,,,,,,,,,,,,,,,,,,,,,,,,,,,,,,,,,,,,"2",,,,,,,,,,,,,,
,10,,,,,,10,,2125,,,10,,,,,,,,,,,193,,,,,,,,,,,,,,,,,,,,,,,,,,,,,,,,,,,,,,,,,,,,,,,,,,,,,,24000,,,,,,,,,,,,,,,,,,,,,,,,,,,,,,,,,,,,,,,,,,,,,,,,,,,,,,,,,,,,,,,,,,,,,,,,,,,,,,,,,,,,,,,,,,,,,,,"3",,,,,,,,,,,,,,
"JumpAuraPet",1,"TRUE","TID_PET_MELEEJUMPER","TID_PET_MELEEJUMPER_INFO",20,,1,300,6000,999,"DarkElixir",1,72,,"DarkElixir",115000,20,,,80,1600,,180,,,,,"sc/ui.sc","icon_unit_pet_slimesnail","unit_pet_lassi_big","sc/info_pet_lassi.sc",,,,,,,,"Barky Deploy","Barky Attack",,"Miner Hit",,"FALSE","FALSE","TRUE",,"Barky Die",,"JumpPetTempAnim",,"TRUE",,0,,,,,,"TRUE",,,,,,,,,,,,,,,100,,1960,,,,,,,,,,,,,,,,,,,,,,-50,,,,,,,,,,300,400,,"TRUE",,,,,,,,,,,,,,,,,,,,,,,,,,,,,,,,,,,,,,,,,,,,,,,,,,,,,,,,,,,"JumpPetJumpAbility","1",,200,,100,,,,,,,,,,"TRUE"
"SpeedupPet",1,"TRUE","TID_PET_RANGEDATTACKER","TID_PET_RANGEDATTACKER_INFO",20,,1,250,2500,9999,"DarkElixir",1,72,,"DarkElixir",135000,20,,,400,1400,,180,,,,,"sc/ui.sc","icon_unit_pet_hastespirit","unit_pet_electro_owl_big","sc/info_pet_electro_owl.sc",,,,,,,,"Laser Owl Deploy","Laser Owl Attack",,"Mega Tesla Hit",,"TRUE","TRUE","TRUE",,"Laser Owl Die",,"SpeedupPet",,"FALSE",,30,,,,,,"TRUE",,,,,,,,,,,,,,,100,,3550,"PetSpeedUp",0,,,,,,,,,,,,,,,,,,,,60,,,,,,,,,,300,400,,"FALSE",,,,,,,,,,,,,,,,,,,,,,,,,,,,,,,,,,,,,,,,,,,,,,,,,,,,,,,,,,,,,,0,,100,,,,,,,,,,"TRUE"
"Turtle",1,"TRUE","TID_PET_MELEEJUMPER","TID_PET_MELEEJUMPER_INFO",20,,1,100,20000,9999,"DarkElixir",1,72,,"DarkElixir",135000,20,,,50,2000,,20,,,,,"sc/ui.sc","icon_unit_pet_spiritjellyfish","unit_pet_lassi_big","sc/info_pet_lassi.sc",,,,,,,,"Barky Deploy","Barky Attack",,"Miner Hit",,"FALSE","FALSE","TRUE",,"Barky Die",,"TurtleTempAnim",,"FALSE",,0,,,,,,"TRUE",,,,,,,,,,,,,,,100,,15000,,,,,,,,,,,,,,,,,,,,,,-50,,,,,,,,,,300,400,,"TRUE",,,,,,,,,,,,,,,,,,,,,,,,,,,,,,,,,,,,,,,,,,,,,,,,,,,,,,,,,,,,,,200,,100,,,,,,,,"Pet1",,"TRUE"
"AirSplitPetSpawnRemoved",1,"TRUE","TID_PET_RANGEDATTACKER","TID_PET_RANGEDATTACKER_INFO",20,,1,250,1600,9999,"DarkElixir",1,,,"DarkElixir",,20,,,80,1400,,160,,,,,"sc/ui.sc","icon_unit_pet_spiritjellyfish","unit_pet_electro_owl_big","sc/info_pet_electro_owl.sc",,,,,,,,"Laser Owl Deploy","Laser Owl Attack",,"Mega Tesla Hit",,"TRUE","TRUE","TRUE",,"Laser Owl Die",,"AirSplitPetSpawn",,"FALSE",,30,,,,,,"TRUE",,"TRUE",,,,,,,,,,,,,100,,3550,,,,,,,,,,,,,,,,,,,,,,60,,,,,,,,,,300,400,,"TRUE",,,,,,,,,,,,,,,,,,,,,,,,,,,,,,,,,,,,,,,,,,,,,,,,,,,,,,,,,,,,,,350,,100,,,,,,,,,,"TRUE"
"AirSpawnerPet",1,,"TID_PET_SNEEZY","TID_PET_SNEEZY_INFO",20,,11,300,3300,999,"DarkElixir",1,192,,"DarkElixir",200000,20,,,250,800,,270,,,,,"sc/ui.sc","icon_unit_pet_sneezy","unit_pet_sneezy_big","sc/info_pet_sneezy.sc","hero_art_pet_sneezy","sc/ui.sc","pet_sneezy_projectile_ShockWave",,,"Defense",,"Pet_Sneezy_Deploy","Pet_Sneezy_Attack_SFX",,"Pet_Sneezy_Attack_Hit",,"TRUE","TRUE","TRUE",,"Pet_Sneezy_Die",,"AirSplitPet",,"FALSE",,30,,,,,,"TRUE",,,,,,,,"AirSpawnerPetSpawn",1,1500,10000,,2,1000,100,,15000,,,,,,,,,,,,,,,,,,,,,,40,,,,,,,,,,300,400,,"TRUE",,,,,,,,,,,,,,,,,,,,,,,,,,,,,,,,,,,,,,,,,,,,,,,,,,,,,,,,,,,"FlyingSpawnerTransformAbility","1",,0,"PetBatDefault",100,1,"BoostSelf","VisualRage",,,,"TRUE","Pet2","HitPoints;DamagePerSecond;MaxSummonedUnitsCount;DamageType;TargetType;PreferredTargetType;HousingSpace;MovementSpeed","TRUE"
,2,,,,,,11,,3450,,,2,192,,,220000,,,,,,,290,,,,,,,,,,,,,,,,,,,,,,,,,,,,,,,,,,,,,,,,,,,,,,,,,,,,,,16000,,,,,,,,,,,,,,,,,,,,,,,,,,,,,,,,,,,,,,,,,,,,,,,,,,,,,,,,,,,,,,,,,,,,,,,,,,,,,,,,,,,,,,,,,,,,,,,,,,,,1,,,,,,,,,
,3,,,,,,11,,3600,,,3,192,,,240000,,,,,,,310,,,,,,,,,,,,,,,,,,,,,,,,,,,,,,,,,,,,,,,,,,,,,,,,,,,,,,17000,,,,,,,,,,,,,,,,,,,,,,,,,,,,,,,,,,,,,,,,,,,,,,,,,,,,,,,,,,,,,,,,,,,,,,,,,,,,,,,,,,,,,,,,,,,,,,,,,,,,1,,,,,,,,,
,4,,,,,,11,,3750,,,4,192,,,260000,,,,,,,330,,,,,,,,,,,,,,,,,,,,,,,,,,,,,,,,,,,,,,,,,,,,,,,,,,,,,,18000,,,,,,,,,,,,,,,,,,,,,,,,,,,,,,,,,,,,,,,,,,,,,,,,,,,,,,,,,,,,,,,,,,,,,,,,,,,,,,,,,,,,,,,,,,,,,,,,,,,,1,,,,,,,,,
,5,,,,,,11,,3900,,,5,192,,,280000,,,,,,,350,,,,,,,,,,,,,,,,,,,,,,,,,,,,,,,,,,,,,,,,,,,,,,,,,,,,,,19000,,,,,,,,,,,,,,,,,,,,,,,,,,,,,,,,,,,,,,,,,,,,,,,,,,,,,,,,,,,,,,,,,,,,,,,,,,,,,,,,,,,,,,,,,,,,,,,,,,,,1,,,,,,,,,
,6,,,,,,11,,4050,,,6,192,,,300000,,,,,,,370,,,,,,,,,,,,,,,,,,,,,,,,,,,,,,,,,,,,,,,,,,,,,,,,,,,,,,20000,,,,,,,,,,,,,,,,,,,,,,,,,,,,,,,,,,,,,,,,,,,,,,,,,,,,,,,,,,,,,,,,,,,,,,,,,,,,,,,,,,,,,,,,,,,,,,,,,,,,1,,,,,,,,,
,7,,,,,,11,,4200,,,7,192,,,320000,,,,,,,390,,,,,,,,,,,,,,,,,,,,,,,,,,,,,,,,,,,,,,,,,,,,,,,,,,,,,,21000,,,,,,,,,,,,,,,,,,,,,,,,,,,,,,,,,,,,,,,,,,,,,,,,,,,,,,,,,,,,,,,,,,,,,,,,,,,,,,,,,,,,,,,,,,,,,,,,,,,,1,,,,,,,,,
,8,,,,,,11,,4350,,,8,192,,,340000,,,,,,,410,,,,,,,,,,,,,,,,,,,,,,,,,,,,,,,,,,,,,,,,,,,,,,,,,,,,,,22000,,,,,,,,,,,,,,,,,,,,,,,,,,,,,,,,,,,,,,,,,,,,,,,,,,,,,,,,,,,,,,,,,,,,,,,,,,,,,,,,,,,,,,,,,,,,,,,,,,,,1,,,,,,,,,
,9,,,,,,11,,4500,,,9,192,,,360000,,,,,,,430,,,,,,,,,,,,,,,,,,,,,,,,,,,,,,,,,,,,,,,,,,,,,,,,,,,,,,23000,,,,,,,,,,,,,,,,,,,,,,,,,,,,,,,,,,,,,,,,,,,,,,,,,,,,,,,,,,,,,,,,,,,,,,,,,,,,,,,,,,,,,,,,,,,,,,,,,,,,1,,,,,,,,,
,10,,,,,,11,,4650,,,10,,,,,,,,,,,450,,,,,,,,,,,,,,,,,,,,,,,,,,,,,,,,,,,,,,,,,,,,,,,,,,,,,,24000,,,,,,,,,,,,,,,,,,,,,,,,,,,,,,,,,,,,,,,,,,,,,,,,,,,,,,,,,,,,,,,,,,,,,,,,,,,,,,,,,,,,,,,,,,,,,,,,,,,,1,,,,,,,,,
